10000
413.07, 463.52, 13.29
165.96, 220.01, 53.98
185.90, 277.65, 50.38
409.15, 489.04, 37.36
180.59, 339.53, 45.58
137.64, 273.63, 58.69
215.51, 465.04, 51.43
133.17, 345.19, 45.79
66.81, 449.84, 37.61
88.34, 257.09, 54.82
369.33, 488.85, 57.30
33.04, 371.68, 12.23
300.53, 461.73, 47.78
42.53, 369.17, 4.55
271.40, 291.90, 17.44
303.90, 316.00, 29.23
169.56, 311.24, 37.87
443.60, 454.83, 30.87
419.78, 457.95, 57.43
85.13, 324.44, 40.10
307.26, 336.66, 47.54
229.13, 273.23, 4.02
213.84, 284.43, 13.46
36.21, 234.91, 25.75
206.63, 330.78, 14.60
262.87, 280.16, 52.81
357.54, 376.23, 32.85
261.24, 445.29, 28.25
321.36, 498.37, 49.02
419.69, 454.33, 41.63
122.99, 389.57, 3.73
3.89, 480.08, 46.33
363.11, 363.53, 19.11
371.09, 427.47, 43.57
208.85, 245.44, 47.06
284.86, 307.05, 48.83
154.44, 417.84, 37.64
367.47, 455.98, 30.46
177.71, 294.56, 14.05
403.47, 444.57, 21.48
146.89, 320.67, 46.34
64.62, 279.90, 30.30
207.04, 378.93, 42.18
475.48, 485.74, 52.68
463.35, 498.50, 26.70
190.82, 331.58, 52.85
137.94, 407.05, 52.84
428.85, 445.72, 13.93
74.24, 197.20, 55.27
101.67, 221.51, 13.83
56.17, 474.35, 3.79
129.43, 249.94, 40.64
466.99, 494.26, 51.57
19.61, 467.51, 38.59
389.71, 472.21, 39.62
58.43, 377.57, 48.64
417.84, 448.91, 56.78
4.78, 475.94, 55.60
257.30, 491.08, 13.15
213.35, 223.60, 32.41
225.70, 413.79, 51.27
454.24, 456.05, 20.63
52.45, 499.95, 41.08
154.71, 338.30, 40.37
17.29, 243.45, 29.09
176.29, 463.65, 42.12
497.02, 498.31, 6.97
369.91, 412.93, 12.87
482.94, 498.04, 57.65
337.09, 482.22, 8.31
149.01, 439.17, 34.54
376.42, 396.33, 58.79
152.27, 414.20, 20.59
325.94, 383.70, 26.94
98.74, 274.00, 24.68
236.20, 407.40, 35.89
69.61, 230.04, 32.02
336.57, 380.45, 18.00
338.04, 478.36, 38.99
403.03, 462.01, 31.06
477.94, 484.49, 20.29
211.10, 455.19, 10.11
36.35, 168.65, 43.22
74.66, 203.46, 5.67
370.97, 486.56, 9.30
343.52, 381.93, 21.37
208.88, 295.52, 13.60
471.97, 476.10, 21.89
23.03, 46.46, 15.67
189.61, 192.83, 55.07
10.30, 36.08, 59.26
216.39, 448.21, 35.56
355.69, 474.81, 9.64
180.26, 477.88, 51.05
139.09, 389.99, 3.75
228.22, 291.69, 11.13
250.53, 369.61, 58.09
84.90, 185.82, 23.19
86.40, 395.09, 58.99
317.01, 389.41, 4.42
167.91, 369.04, 17.58
122.06, 250.90, 43.84
214.22, 360.07, 54.53
386.39, 446.36, 8.82
180.52, 446.43, 35.68
363.81, 462.24, 5.65
396.88, 407.22, 55.41
425.00, 463.13, 50.40
281.40, 462.29, 28.67
231.10, 337.48, 21.46
210.38, 261.51, 11.74
205.33, 220.50, 27.81
75.82, 89.88, 53.72
126.73, 295.46, 12.95
404.13, 499.28, 13.04
362.61, 446.27, 22.30
216.32, 479.69, 43.65
2.96, 22.53, 8.65
139.03, 442.14, 50.47
275.25, 379.18, 33.81
190.10, 245.60, 42.52
410.47, 449.96, 1.83
226.81, 360.17, 20.23
419.17, 497.81, 48.40
318.63, 412.26, 10.03
325.66, 410.60, 49.00
354.49, 458.34, 11.02
117.34, 292.49, 52.99
78.30, 367.80, 32.87
303.32, 306.28, 59.71
28.64, 267.87, 48.91
356.99, 451.82, 2.77
101.82, 228.74, 11.29
251.06, 399.39, 18.05
223.85, 240.66, 2.51
95.86, 217.53, 17.03
469.77, 471.30, 18.84
372.97, 404.57, 26.70
469.47, 473.10, 21.85
229.71, 397.19, 29.09
151.23, 415.42, 43.49
78.89, 230.41, 14.04
359.37, 471.54, 53.82
142.77, 312.44, 5.73
203.74, 272.30, 8.24
406.58, 455.57, 54.99
218.91, 347.31, 7.46
13.12, 438.80, 22.03
90.82, 151.13, 39.40
253.23, 384.67, 6.12
413.42, 476.15, 12.16
294.82, 388.81, 47.04
227.48, 409.30, 20.50
463.64, 471.48, 5.83
32.65, 156.27, 1.98
48.59, 450.68, 46.01
112.46, 314.22, 20.19
71.49, 231.23, 0.02
435.83, 460.36, 49.06
43.14, 329.95, 14.71
156.73, 468.85, 32.03
241.10, 369.57, 24.00
391.03, 397.83, 19.35
298.82, 304.70, 11.59
67.77, 100.63, 14.50
205.91, 357.32, 1.28
293.97, 403.51, 33.87
495.45, 496.76, 43.29
398.82, 488.35, 49.14
251.23, 319.16, 9.74
200.19, 482.26, 8.37
416.35, 427.77, 49.24
122.42, 218.10, 45.15
37.52, 484.08, 15.96
155.00, 244.53, 54.82
350.49, 472.76, 20.78
338.13, 464.96, 8.42
311.72, 357.92, 28.20
55.82, 490.21, 17.55
124.27, 222.20, 20.71
472.88, 484.61, 3.22
302.67, 347.06, 28.80
30.92, 363.37, 47.50
185.32, 486.35, 18.63
84.29, 320.75, 44.63
348.48, 361.84, 36.42
69.32, 191.16, 7.32
409.73, 454.01, 27.85
125.71, 221.98, 9.75
51.88, 290.54, 18.98
385.92, 435.44, 30.88
54.83, 143.22, 39.42
282.59, 307.60, 46.08
10.90, 382.93, 7.74
256.40, 418.08, 29.84
29.59, 463.12, 58.94
239.45, 391.95, 4.82
421.55, 440.24, 13.27
306.28, 380.37, 50.85
403.84, 434.99, 41.82
487.06, 499.60, 57.56
99.54, 475.94, 33.81
488.33, 499.07, 56.20
329.02, 456.32, 32.48
28.79, 57.99, 4.24
217.75, 302.00, 56.78
232.90, 366.06, 11.19
291.73, 302.25, 3.26
96.04, 393.77, 30.68
306.38, 418.59, 43.98
5.54, 382.16, 51.28
372.20, 431.13, 58.59
231.50, 317.26, 3.66
312.77, 480.80, 41.12
256.11, 489.06, 52.15
429.58, 486.71, 19.99
350.25, 364.57, 1.80
267.54, 405.45, 42.31
493.91, 496.05, 55.92
385.74, 411.26, 17.76
137.58, 427.90, 10.23
354.14, 382.27, 50.15
473.17, 473.40, 36.40
29.71, 338.30, 24.61
393.23, 439.11, 37.38
428.54, 475.95, 21.99
223.29, 353.44, 36.76
14.48, 159.57, 17.24
181.17, 248.30, 21.73
286.03, 326.21, 23.12
408.14, 452.16, 2.57
467.92, 476.91, 21.20
394.54, 404.35, 6.93
222.01, 270.59, 37.30
248.79, 328.50, 43.45
389.97, 462.61, 44.85
94.84, 332.39, 13.21
183.37, 413.12, 55.46
494.29, 499.19, 26.30
257.88, 300.21, 57.89
235.18, 313.50, 23.33
57.94, 178.48, 13.06
174.40, 473.97, 13.46
11.15, 353.42, 20.27
126.32, 126.49, 51.13
398.17, 460.51, 16.88
119.11, 131.60, 28.70
338.47, 484.90, 56.90
255.67, 406.09, 50.79
126.44, 144.06, 11.60
479.16, 482.94, 4.32
437.96, 442.38, 3.94
317.83, 478.74, 55.01
18.63, 433.26, 47.16
231.67, 406.42, 12.40
173.25, 342.49, 42.18
66.67, 125.20, 0.17
12.89, 422.68, 57.19
405.85, 457.40, 13.38
296.87, 429.11, 23.31
347.93, 495.75, 46.58
140.55, 164.34, 9.32
12.48, 58.38, 5.05
162.63, 181.50, 44.43
421.92, 437.74, 11.95
125.80, 381.96, 58.00
412.15, 438.44, 45.11
99.55, 352.33, 56.73
435.70, 492.65, 46.37
451.38, 494.90, 0.31
106.05, 139.34, 10.36
368.43, 397.86, 43.72
153.83, 437.65, 26.55
436.89, 490.66, 5.57
184.33, 333.13, 5.81
373.58, 466.28, 54.76
307.63, 369.96, 37.91
126.62, 392.77, 59.23
415.72, 493.02, 26.58
51.04, 122.06, 9.53
171.58, 386.03, 22.25
33.95, 289.03, 31.75
213.40, 326.69, 25.95
105.78, 321.71, 58.97
226.94, 470.32, 59.35
38.91, 189.55, 33.03
461.09, 473.31, 12.54
19.00, 178.89, 38.37
21.53, 341.89, 20.58
486.08, 495.99, 23.13
433.81, 491.18, 9.85
498.18, 500.00, 58.30
85.25, 311.82, 2.59
279.43, 468.61, 19.72
297.94, 480.96, 41.16
291.12, 412.84, 48.84
10.47, 206.42, 39.23
21.26, 479.52, 53.06
424.54, 495.39, 33.03
36.26, 470.68, 2.90
57.04, 356.42, 19.92
491.87, 497.86, 9.05
0.69, 168.06, 40.47
71.05, 183.12, 54.18
390.97, 481.00, 52.39
16.82, 319.17, 11.00
172.92, 284.21, 26.90
369.95, 480.16, 35.40
316.31, 462.28, 38.18
19.00, 415.37, 40.73
207.31, 496.98, 22.10
34.47, 273.42, 52.40
109.53, 456.28, 18.70
301.98, 494.52, 49.60
400.65, 452.12, 11.10
6.78, 350.77, 39.81
315.91, 475.88, 0.38
361.64, 452.83, 40.15
226.72, 323.87, 17.35
428.66, 477.13, 13.82
117.08, 357.35, 36.59
273.20, 380.63, 49.02
452.57, 467.06, 33.18
318.00, 481.14, 7.79
129.40, 227.99, 54.86
450.07, 491.40, 51.55
208.69, 499.64, 20.64
484.57, 497.27, 26.16
242.13, 485.67, 27.21
321.85, 368.53, 19.00
247.78, 302.09, 55.95
356.73, 412.19, 22.50
355.31, 402.84, 31.93
228.03, 353.16, 28.74
376.32, 397.43, 0.58
141.45, 278.79, 57.11
126.15, 494.75, 24.79
74.47, 365.37, 58.23
293.36, 367.23, 32.19
488.92, 498.46, 39.95
83.86, 322.43, 7.96
49.30, 433.25, 23.30
320.95, 327.80, 38.45
84.03, 479.24, 54.44
221.76, 265.57, 54.55
445.52, 499.03, 51.36
260.48, 495.74, 46.95
336.65, 352.37, 7.80
426.44, 464.40, 37.11
386.61, 410.39, 50.28
359.52, 435.31, 54.24
92.04, 161.45, 23.53
353.21, 464.72, 18.08
2.58, 56.08, 3.40
123.13, 367.31, 47.26
34.06, 232.41, 21.68
107.18, 154.44, 10.39
353.05, 429.86, 51.42
454.59, 493.83, 20.13
202.34, 431.90, 22.49
339.41, 379.54, 6.24
144.11, 375.30, 51.73
359.28, 361.28, 59.49
295.69, 361.82, 39.06
117.42, 450.90, 2.34
36.24, 295.16, 15.84
196.68, 366.07, 1.56
183.55, 410.05, 14.70
179.57, 221.00, 19.55
89.69, 457.49, 35.51
214.47, 288.74, 54.01
297.27, 322.08, 50.52
432.48, 464.69, 25.18
144.66, 494.18, 18.22
349.24, 387.99, 25.70
323.16, 407.71, 58.93
301.13, 391.46, 56.06
182.70, 188.36, 2.63
28.14, 87.76, 57.54
369.17, 480.56, 48.64
290.81, 330.32, 30.42
466.69, 487.05, 54.56
456.04, 457.66, 17.48
27.10, 238.40, 56.88
370.37, 496.50, 26.78
5.63, 190.89, 34.22
122.15, 342.84, 32.86
2.18, 102.95, 34.29
36.04, 386.05, 38.01
142.06, 417.93, 35.32
11.08, 206.08, 43.12
231.93, 353.06, 18.29
165.47, 462.46, 38.53
307.79, 490.71, 46.54
252.05, 283.64, 6.12
165.99, 372.90, 0.46
21.04, 495.10, 32.99
245.95, 450.24, 56.17
191.14, 460.57, 21.12
129.34, 284.01, 3.50
12.01, 129.62, 24.35
245.48, 478.66, 50.45
120.70, 382.96, 21.56
439.91, 470.75, 13.59
74.86, 491.22, 49.64
185.29, 401.71, 46.17
150.47, 236.57, 40.78
203.34, 244.31, 43.52
281.08, 484.13, 41.40
434.83, 454.51, 28.38
454.48, 463.38, 43.80
456.27, 482.56, 32.42
31.97, 453.14, 23.08
407.91, 479.51, 53.49
378.44, 430.07, 28.25
79.90, 156.80, 37.63
449.74, 466.37, 36.32
316.93, 466.68, 28.78
141.88, 396.31, 47.63
156.35, 284.47, 4.29
324.08, 406.72, 8.45
423.93, 475.72, 28.59
119.30, 464.49, 19.99
188.91, 475.65, 48.43
224.10, 385.58, 38.16
335.69, 464.06, 58.06
434.81, 451.28, 55.21
358.65, 454.55, 58.98
134.39, 142.90, 47.56
139.74, 230.54, 4.93
354.70, 484.35, 23.84
238.94, 415.66, 34.47
224.97, 352.13, 58.75
427.95, 440.65, 10.04
212.15, 270.01, 0.91
139.84, 300.11, 20.03
114.46, 195.33, 42.98
4.59, 358.26, 17.20
348.57, 350.49, 7.51
4.30, 5.35, 40.26
235.74, 469.00, 0.57
326.24, 471.88, 52.94
305.96, 372.03, 23.53
28.00, 271.37, 33.60
163.46, 270.38, 59.71
469.47, 497.05, 56.98
254.55, 422.92, 14.56
424.63, 430.94, 3.90
13.02, 38.64, 52.19
174.11, 422.18, 33.77
390.21, 448.37, 46.06
8.59, 310.45, 34.73
269.98, 321.56, 34.33
258.55, 413.90, 5.97
285.91, 306.74, 48.00
17.01, 146.58, 22.13
159.70, 236.62, 11.10
453.76, 478.40, 0.33
431.82, 499.62, 22.99
342.78, 411.30, 31.27
416.32, 497.42, 31.63
453.37, 464.45, 26.70
447.98, 489.84, 21.22
100.62, 386.21, 52.92
60.46, 100.44, 54.18
226.29, 470.30, 40.68
204.47, 276.80, 15.03
198.22, 458.01, 5.09
45.26, 479.20, 28.75
389.08, 399.42, 30.71
333.05, 494.83, 16.57
333.80, 362.62, 15.56
379.80, 473.73, 15.49
184.48, 314.25, 40.03
364.71, 448.45, 31.39
92.56, 212.88, 31.00
89.45, 404.49, 6.82
363.60, 427.10, 24.26
477.81, 482.47, 11.33
63.62, 449.74, 48.20
122.64, 316.62, 51.75
17.99, 167.27, 15.23
90.61, 275.18, 59.57
149.17, 196.74, 13.05
63.10, 339.13, 50.11
159.03, 271.57, 11.56
283.29, 302.06, 31.26
488.13, 495.38, 22.97
257.33, 463.55, 55.19
91.08, 247.09, 6.76
283.00, 470.27, 42.58
165.59, 285.42, 58.34
216.32, 352.60, 32.64
375.64, 422.66, 55.42
497.22, 497.78, 11.58
130.77, 420.06, 58.54
401.20, 458.57, 33.94
432.92, 436.77, 8.10
329.02, 360.57, 43.74
494.34, 495.67, 48.36
251.93, 414.40, 32.38
78.34, 136.52, 15.50
259.04, 484.18, 25.53
127.74, 420.54, 50.19
68.62, 172.89, 19.92
40.19, 310.32, 52.74
428.46, 499.60, 58.95
236.24, 281.75, 27.84
104.74, 195.66, 32.81
255.75, 309.80, 44.00
207.25, 439.32, 40.34
327.31, 388.40, 17.41
481.58, 486.13, 44.25
492.49, 495.12, 38.63
482.28, 496.26, 16.41
246.41, 418.03, 31.03
283.38, 491.92, 52.15
91.52, 374.90, 38.85
149.36, 288.50, 40.78
202.15, 231.46, 8.94
442.63, 480.07, 0.13
379.88, 414.05, 10.12
43.89, 169.43, 23.95
452.50, 473.57, 5.59
274.51, 469.87, 39.92
48.52, 306.48, 34.43
294.31, 311.35, 40.15
73.90, 144.25, 45.40
270.50, 394.81, 53.21
43.28, 249.40, 57.42
332.74, 381.05, 23.75
485.56, 493.84, 13.85
9.72, 210.82, 21.14
265.14, 368.86, 29.76
47.35, 108.02, 38.83
150.17, 152.69, 39.33
298.20, 305.79, 39.51
127.14, 393.45, 13.53
310.54, 374.34, 54.61
123.46, 466.39, 51.69
394.77, 430.88, 7.93
264.41, 313.77, 34.20
367.60, 451.78, 50.24
374.26, 410.61, 52.78
433.47, 496.01, 10.81
444.64, 475.06, 28.75
319.94, 457.79, 41.73
46.75, 277.45, 24.86
401.41, 415.55, 38.67
475.37, 499.23, 30.70
187.75, 486.39, 14.43
87.27, 464.33, 52.39
281.85, 497.12, 7.51
155.45, 493.00, 42.56
285.67, 404.45, 13.98
406.95, 427.50, 2.79
221.63, 247.39, 44.66
67.13, 498.71, 36.42
396.71, 484.77, 19.02
2.61, 89.22, 1.95
332.29, 456.44, 19.05
256.00, 410.08, 13.14
478.19, 494.16, 28.64
207.42, 328.18, 29.91
484.54, 499.61, 24.20
95.37, 451.01, 21.00
384.37, 407.46, 47.77
493.26, 493.47, 52.51
205.08, 234.47, 11.80
382.20, 490.59, 4.26
339.96, 407.51, 43.68
496.81, 499.38, 34.53
35.57, 221.54, 44.30
461.27, 490.33, 42.25
149.10, 271.01, 36.57
191.18, 351.98, 49.95
462.55, 478.93, 24.42
424.60, 451.57, 9.79
373.99, 438.03, 37.55
374.81, 429.24, 15.10
278.37, 446.11, 9.78
182.97, 395.33, 59.33
467.65, 470.89, 56.97
399.66, 426.60, 40.03
481.96, 488.47, 30.80
456.25, 499.40, 55.62
95.11, 471.28, 16.39
310.59, 452.70, 24.09
79.03, 407.77, 39.92
479.67, 482.03, 23.46
127.55, 247.58, 27.16
317.70, 346.14, 30.99
391.16, 401.93, 50.40
472.81, 498.30, 39.13
43.58, 315.27, 28.85
273.58, 459.47, 9.29
232.87, 435.68, 12.60
168.00, 369.16, 6.16
222.11, 269.12, 30.56
77.27, 115.59, 33.65
66.53, 289.53, 26.17
445.39, 451.67, 26.12
361.31, 490.69, 8.33
176.92, 396.59, 52.67
493.84, 496.00, 15.95
371.07, 428.43, 4.91
7.72, 471.49, 41.74
92.88, 463.19, 18.92
193.73, 420.31, 9.95
185.71, 187.06, 45.30
430.45, 434.00, 42.75
133.26, 422.21, 46.65
166.13, 180.10, 27.46
39.90, 313.32, 26.35
323.91, 424.08, 20.02
223.67, 336.20, 32.97
390.47, 438.61, 55.33
23.85, 311.89, 40.19
74.65, 302.35, 51.79
23.13, 320.44, 8.00
258.71, 309.24, 20.67
287.48, 429.73, 27.02
75.61, 376.74, 10.42
248.01, 370.86, 49.73
392.25, 467.33, 58.05
298.56, 397.31, 38.64
322.75, 476.12, 11.72
375.80, 425.20, 9.10
201.91, 449.62, 19.27
35.17, 62.95, 11.54
278.25, 386.14, 12.24
150.65, 304.78, 41.02
300.39, 405.17, 23.91
159.84, 496.73, 59.73
234.79, 356.14, 7.61
62.62, 453.68, 26.83
126.82, 426.69, 38.75
471.77, 476.73, 48.31
165.04, 446.53, 35.02
222.31, 318.98, 24.07
392.48, 392.94, 44.14
184.35, 342.53, 58.22
290.92, 360.77, 53.09
302.97, 388.34, 8.84
207.13, 468.90, 35.56
324.88, 468.43, 22.74
356.99, 429.92, 42.08
471.80, 488.86, 26.68
495.53, 495.73, 38.31
302.99, 483.73, 26.56
342.33, 407.72, 37.68
482.48, 499.36, 37.43
63.26, 199.72, 43.72
445.05, 482.48, 27.90
95.22, 353.51, 21.52
350.58, 436.73, 29.73
421.45, 481.84, 44.69
41.23, 129.21, 14.30
125.10, 288.35, 41.46
283.97, 343.03, 50.84
229.38, 476.58, 18.98
202.14, 487.81, 12.79
36.04, 37.03, 4.77
289.93, 368.68, 7.28
465.12, 483.61, 38.16
71.84, 79.67, 5.02
336.31, 416.71, 57.44
130.85, 254.66, 22.09
182.52, 188.23, 50.46
194.34, 227.08, 7.98
108.20, 448.75, 32.58
50.54, 392.09, 4.15
464.95, 484.02, 55.62
80.08, 349.16, 10.86
272.68, 319.02, 21.24
442.88, 486.71, 55.33
434.45, 491.09, 39.80
269.68, 432.12, 28.86
432.97, 464.92, 8.53
384.64, 403.98, 11.01
425.93, 437.16, 28.83
441.47, 487.51, 24.38
31.79, 273.07, 28.40
204.58, 329.69, 39.64
185.95, 399.68, 47.76
359.95, 423.76, 16.32
306.41, 333.12, 40.05
10.50, 432.61, 56.93
205.13, 413.39, 44.87
211.95, 420.94, 8.09
275.75, 299.39, 19.14
346.13, 363.05, 0.35
43.70, 219.89, 48.40
127.26, 240.39, 54.96
244.39, 492.99, 6.96
399.76, 421.19, 39.48
259.79, 280.40, 13.95
430.78, 462.11, 41.37
57.31, 249.79, 10.62
436.64, 463.48, 7.91
299.42, 482.74, 50.73
422.99, 475.64, 28.80
90.04, 197.34, 37.45
376.77, 389.06, 12.30
457.88, 492.79, 4.86
235.59, 499.28, 24.90
208.62, 328.96, 36.69
190.07, 412.37, 4.18
271.77, 308.43, 47.79
59.24, 452.14, 34.44
183.57, 319.32, 31.62
30.88, 234.20, 30.19
451.08, 494.90, 47.86
290.22, 470.03, 22.68
292.37, 435.90, 35.20
283.59, 324.65, 26.28
210.62, 372.85, 33.36
392.90, 454.84, 51.85
94.76, 356.35, 32.48
441.10, 489.12, 31.65
110.39, 132.55, 5.02
24.93, 289.09, 41.40
115.38, 338.82, 42.72
488.42, 489.58, 47.89
263.89, 331.18, 26.08
222.04, 326.04, 12.48
417.84, 422.83, 4.48
212.93, 302.24, 59.03
24.17, 454.02, 48.17
189.14, 291.11, 27.46
304.93, 421.15, 36.82
113.16, 155.52, 38.12
6.73, 39.44, 41.04
494.96, 498.15, 25.02
128.99, 372.88, 39.53
328.29, 389.04, 36.02
58.64, 272.16, 4.25
216.65, 478.97, 21.41
447.28, 479.99, 25.85
259.76, 438.02, 57.82
33.45, 335.49, 9.00
331.64, 382.09, 38.59
6.13, 367.98, 30.47
307.46, 455.90, 2.80
481.02, 491.76, 28.22
403.36, 456.92, 49.85
288.93, 437.36, 26.19
391.74, 497.67, 33.36
111.77, 443.93, 2.98
357.75, 488.11, 23.43
111.53, 112.76, 12.16
183.68, 480.13, 28.58
144.92, 331.15, 23.45
397.55, 492.74, 54.96
0.31, 237.21, 47.02
215.09, 491.31, 48.07
399.58, 429.92, 52.42
351.10, 460.28, 9.13
336.53, 391.38, 29.92
290.35, 301.13, 41.70
238.58, 460.99, 29.60
2.59, 231.86, 41.41
1.83, 95.35, 22.59
371.76, 484.02, 10.94
224.23, 419.01, 24.80
200.67, 487.82, 40.30
9.06, 59.03, 15.60
360.58, 435.77, 57.18
95.26, 213.20, 18.02
292.18, 409.14, 20.81
352.73, 410.36, 51.97
445.30, 490.78, 23.03
424.47, 488.26, 54.80
178.06, 220.86, 49.79
63.63, 133.47, 31.09
439.27, 474.52, 21.83
66.39, 330.46, 54.64
38.06, 77.21, 53.68
202.06, 266.93, 46.35
279.37, 287.62, 1.30
254.51, 285.17, 20.94
21.45, 317.15, 9.40
273.61, 377.70, 39.30
107.79, 406.25, 56.80
457.05, 498.68, 50.35
450.29, 493.64, 28.91
302.50, 362.38, 43.75
108.58, 489.19, 59.87
351.04, 468.12, 49.72
332.19, 369.83, 58.09
46.22, 169.86, 42.70
21.07, 428.41, 17.67
24.00, 477.25, 58.90
229.90, 351.07, 20.67
86.44, 223.16, 51.35
1.82, 367.85, 28.93
262.38, 433.79, 7.25
283.65, 490.21, 7.63
280.01, 290.31, 49.34
257.18, 428.34, 52.05
36.36, 124.33, 42.30
434.25, 488.56, 22.92
304.79, 343.29, 15.20
118.11, 311.73, 31.01
40.36, 467.25, 18.40
142.80, 455.50, 25.89
284.65, 476.21, 46.36
479.45, 485.48, 54.62
398.51, 462.10, 3.69
154.67, 305.50, 21.33
227.90, 447.73, 37.54
275.00, 307.78, 14.84
394.57, 456.16, 33.43
104.13, 148.58, 37.46
263.48, 422.04, 41.00
411.07, 486.73, 59.73
335.67, 402.60, 7.75
6.71, 101.87, 42.73
409.51, 454.10, 1.49
329.40, 482.28, 46.67
409.18, 476.49, 2.14
436.20, 498.22, 1.89
358.35, 465.04, 49.13
122.24, 180.91, 11.47
142.02, 280.94, 28.58
432.94, 477.86, 2.08
12.73, 37.28, 43.40
370.92, 400.88, 39.06
322.20, 438.69, 55.54
440.58, 451.76, 49.42
257.09, 342.29, 31.25
129.80, 474.23, 51.26
491.20, 493.60, 45.07
318.02, 393.46, 6.92
198.80, 324.01, 12.56
227.82, 451.29, 57.31
367.35, 464.53, 34.91
223.30, 304.22, 54.13
363.38, 432.49, 16.01
309.20, 380.22, 2.90
309.24, 381.24, 23.84
416.64, 448.28, 39.31
78.25, 480.17, 18.49
285.24, 417.02, 3.15
178.30, 212.10, 48.52
278.98, 303.35, 24.67
29.25, 356.98, 51.23
119.24, 424.69, 35.20
210.39, 213.73, 29.61
93.62, 289.30, 35.30
224.54, 327.47, 25.69
116.17, 138.73, 56.19
255.49, 458.07, 15.73
387.11, 430.29, 52.47
349.93, 359.73, 42.42
139.18, 299.45, 42.01
494.89, 497.42, 43.04
376.72, 411.78, 1.86
250.27, 320.09, 55.92
424.74, 458.11, 12.67
495.36, 498.64, 58.67
321.19, 412.59, 57.42
21.24, 154.26, 18.76
418.26, 444.97, 19.80
209.60, 439.85, 26.21
321.77, 465.86, 51.37
445.81, 463.74, 37.94
302.10, 372.80, 41.84
282.28, 444.54, 1.30
370.14, 426.06, 51.11
259.70, 499.99, 46.69
137.88, 250.50, 2.77
271.17, 448.82, 55.44
190.53, 334.03, 53.54
480.53, 481.28, 24.83
294.82, 352.83, 39.74
142.72, 219.81, 16.15
172.34, 370.16, 17.49
284.69, 285.72, 30.84
86.21, 186.29, 35.41
151.39, 189.94, 41.71
440.84, 447.27, 44.86
166.42, 227.44, 58.69
285.68, 352.08, 40.56
462.13, 475.96, 18.40
362.06, 381.76, 11.10
363.58, 486.79, 2.61
445.26, 457.67, 2.57
125.40, 412.39, 58.56
29.37, 139.26, 15.60
284.30, 469.11, 42.94
187.06, 492.47, 5.46
264.17, 437.56, 27.52
28.41, 54.82, 52.77
419.05, 459.43, 56.15
390.50, 394.51, 37.06
82.13, 147.02, 17.45
26.92, 154.29, 34.21
472.43, 476.08, 42.10
446.84, 459.10, 8.92
52.58, 102.65, 56.43
487.00, 495.03, 2.81
199.03, 430.50, 51.88
2.99, 318.48, 4.70
397.41, 489.16, 10.68
46.04, 55.54, 49.29
177.77, 292.49, 49.03
366.63, 436.75, 42.50
215.41, 244.04, 8.16
363.70, 481.73, 11.74
9.14, 239.79, 47.54
494.00, 498.97, 46.91
369.49, 394.25, 1.75
481.35, 485.57, 29.05
169.59, 190.70, 59.68
232.84, 240.79, 36.26
491.88, 494.52, 59.93
491.27, 493.21, 48.47
7.60, 188.29, 16.65
242.04, 253.24, 20.82
217.06, 457.67, 3.29
62.20, 167.08, 18.27
115.67, 318.14, 35.40
259.83, 492.33, 37.52
1.56, 126.19, 34.85
118.29, 208.63, 5.98
62.65, 102.28, 54.56
142.58, 225.99, 56.79
139.90, 472.62, 22.42
218.05, 454.81, 52.74
220.92, 477.00, 52.69
345.93, 359.43, 7.21
336.36, 440.13, 41.03
430.68, 462.79, 24.60
172.48, 374.45, 51.97
270.12, 477.02, 13.53
441.79, 497.60, 13.65
256.02, 296.10, 51.21
428.66, 436.07, 40.45
141.64, 230.10, 13.71
214.64, 385.90, 38.23
385.63, 437.25, 12.63
447.63, 467.09, 35.93
352.70, 389.38, 50.66
216.12, 468.85, 19.27
351.25, 465.49, 44.85
184.15, 205.01, 4.74
430.66, 439.71, 44.16
198.11, 299.71, 12.00
358.13, 481.40, 44.60
155.90, 487.39, 38.35
59.18, 264.85, 38.80
93.97, 318.63, 17.25
349.59, 470.87, 24.21
260.87, 485.86, 21.09
323.11, 338.94, 33.30
471.08, 483.26, 35.30
99.95, 399.26, 16.94
329.91, 421.13, 32.04
98.73, 147.61, 27.13
54.64, 419.05, 16.61
382.81, 423.09, 3.65
149.19, 390.70, 54.22
261.50, 286.65, 49.78
182.30, 426.80, 37.70
11.11, 430.23, 1.20
436.78, 484.35, 54.21
132.97, 387.83, 28.50
298.65, 369.73, 40.32
296.41, 456.86, 3.34
7.46, 197.55, 25.33
338.97, 480.88, 40.02
349.25, 381.09, 1.94
223.85, 277.86, 34.73
110.74, 264.96, 37.48
0.60, 113.55, 21.96
183.34, 186.42, 55.72
389.80, 439.20, 8.64
175.76, 222.87, 6.84
430.28, 434.13, 29.50
324.85, 445.12, 48.13
499.16, 499.68, 8.94
448.03, 479.48, 8.41
254.46, 278.85, 52.90
220.85, 454.35, 32.34
469.02, 475.79, 27.13
252.02, 414.75, 4.69
135.06, 332.50, 1.63
326.90, 339.52, 45.38
435.71, 472.16, 14.92
364.21, 462.71, 53.50
11.23, 469.78, 10.57
138.77, 396.65, 7.38
212.00, 323.36, 3.00
230.74, 326.07, 48.09
33.74, 496.77, 54.05
29.76, 327.11, 10.91
491.38, 499.75, 6.71
14.22, 399.19, 52.73
113.42, 359.55, 43.19
3.10, 309.71, 38.53
346.29, 433.57, 9.07
204.11, 267.12, 46.78
255.87, 352.44, 52.44
218.73, 243.15, 36.73
317.22, 356.63, 41.99
274.74, 418.04, 20.53
104.07, 306.35, 50.52
403.85, 452.13, 44.38
139.35, 414.51, 56.16
125.75, 186.99, 15.79
360.99, 469.16, 41.89
6.74, 163.19, 43.76
403.96, 430.17, 20.26
289.07, 418.02, 34.38
13.81, 293.96, 53.93
203.02, 445.92, 12.34
201.13, 363.27, 0.12
136.81, 186.41, 7.74
31.98, 57.72, 35.73
113.80, 379.17, 23.47
40.93, 477.22, 58.54
74.63, 480.20, 50.71
460.55, 498.01, 4.01
345.26, 444.75, 33.99
99.52, 241.65, 26.23
454.70, 487.75, 52.56
81.00, 495.93, 21.81
208.67, 497.88, 47.02
87.63, 194.35, 4.63
192.83, 425.92, 28.51
61.42, 226.82, 45.59
230.77, 351.08, 47.98
287.87, 491.59, 31.19
324.15, 412.36, 44.78
267.69, 334.50, 6.36
313.18, 319.98, 41.93
57.68, 460.06, 7.74
481.51, 492.42, 0.31
157.61, 461.05, 40.39
150.96, 317.58, 10.46
345.36, 498.32, 2.54
31.10, 448.15, 58.31
430.17, 486.38, 35.32
269.07, 459.93, 56.17
15.26, 468.87, 46.73
349.86, 456.08, 30.70
351.27, 435.01, 27.04
286.49, 451.25, 12.90
29.73, 323.90, 15.65
478.65, 494.70, 8.66
428.34, 492.46, 13.17
267.25, 360.57, 49.83
284.17, 378.57, 35.83
135.85, 471.75, 2.32
355.24, 421.07, 58.69
267.74, 452.05, 47.54
142.43, 291.23, 28.14
325.82, 419.31, 42.77
399.75, 486.81, 39.25
439.63, 456.36, 54.26
469.24, 483.18, 27.80
26.14, 64.07, 9.44
155.11, 361.04, 18.05
297.92, 438.32, 20.27
206.46, 266.22, 11.85
188.74, 212.05, 36.20
327.94, 428.82, 1.56
13.37, 269.09, 38.73
290.37, 491.02, 34.67
38.51, 114.00, 38.91
483.87, 486.55, 10.03
338.63, 371.22, 10.99
456.48, 464.54, 2.28
404.35, 499.73, 57.96
423.35, 436.58, 48.16
27.70, 249.31, 24.51
229.00, 494.13, 5.91
66.76, 77.56, 18.68
108.98, 404.92, 11.77
357.83, 376.07, 1.53
141.68, 176.20, 5.56
356.46, 468.13, 2.76
316.63, 473.42, 15.93
113.27, 116.44, 26.58
487.09, 498.04, 24.17
488.19, 496.93, 53.89
432.00, 485.29, 40.23
140.48, 323.93, 31.04
140.92, 327.42, 2.92
364.50, 419.09, 10.73
64.52, 469.53, 36.92
333.83, 428.28, 2.73
258.58, 396.29, 58.46
333.41, 431.84, 10.28
400.68, 401.59, 57.28
161.50, 286.50, 58.85
390.51, 425.22, 52.57
134.69, 376.55, 54.77
468.21, 495.30, 42.19
90.62, 367.32, 50.20
313.46, 372.93, 54.86
18.89, 339.97, 5.29
233.59, 285.95, 32.24
21.39, 68.51, 14.91
124.41, 196.04, 9.24
273.72, 289.04, 15.21
204.18, 337.03, 23.14
89.18, 153.37, 9.84
394.12, 400.11, 4.70
141.83, 178.28, 6.52
457.24, 495.12, 42.03
444.27, 470.71, 37.65
427.00, 453.64, 1.07
364.88, 418.59, 2.20
267.59, 328.42, 30.31
368.54, 494.58, 37.75
424.44, 445.86, 50.32
337.57, 487.31, 37.80
255.65, 328.23, 48.66
338.34, 385.83, 59.34
98.25, 256.90, 44.12
106.74, 445.78, 25.35
228.10, 230.47, 29.74
393.11, 457.83, 44.40
31.25, 456.28, 28.21
199.44, 359.39, 32.64
132.48, 263.84, 14.38
419.02, 470.46, 59.07
331.61, 348.61, 54.26
14.39, 450.77, 31.09
298.27, 333.87, 36.77
206.98, 284.83, 41.29
378.31, 407.09, 9.76
261.41, 456.86, 55.31
385.66, 483.28, 54.23
394.48, 473.17, 23.04
204.02, 389.46, 16.67
183.00, 369.44, 7.39
214.44, 423.98, 47.38
150.62, 309.52, 15.07
312.75, 332.97, 39.41
42.71, 446.01, 49.29
394.47, 469.35, 26.10
213.66, 371.98, 32.52
478.82, 492.00, 12.77
114.11, 383.85, 36.04
429.98, 498.04, 7.05
140.34, 269.42, 49.22
324.15, 346.43, 30.43
155.52, 288.98, 13.35
219.14, 327.96, 58.34
376.83, 475.50, 59.20
220.89, 375.54, 44.69
104.19, 244.52, 52.39
121.25, 299.12, 57.02
9.92, 394.03, 33.14
315.93, 323.31, 58.04
474.73, 488.66, 5.03
13.00, 216.01, 34.84
308.65, 464.32, 8.12
224.46, 262.29, 17.20
195.90, 295.12, 32.67
5.97, 95.99, 38.18
414.99, 476.98, 38.82
189.38, 261.90, 30.19
370.39, 466.66, 31.67
247.09, 258.68, 17.55
293.66, 475.01, 8.03
253.29, 474.05, 57.20
191.69, 485.11, 8.70
474.01, 491.10, 52.37
299.83, 417.56, 44.99
240.17, 331.31, 55.70
2.67, 358.65, 8.90
247.20, 251.93, 46.65
474.47, 481.18, 49.29
93.40, 435.30, 30.62
230.05, 412.89, 30.19
30.73, 206.37, 41.21
426.65, 497.87, 28.74
367.24, 372.71, 9.99
179.28, 328.11, 26.69
43.53, 261.94, 38.04
412.08, 486.41, 49.23
418.35, 442.00, 56.93
424.12, 441.31, 14.49
52.98, 146.35, 2.43
467.36, 472.41, 4.65
94.41, 430.98, 38.31
275.34, 432.95, 22.83
32.85, 497.15, 18.49
209.14, 320.15, 45.12
466.90, 493.02, 41.04
62.87, 234.70, 23.85
357.33, 360.67, 3.70
157.93, 211.65, 11.48
404.29, 415.22, 16.36
215.86, 490.96, 3.99
453.02, 486.47, 38.15
195.41, 313.99, 34.47
33.33, 116.77, 22.82
374.83, 432.16, 10.21
80.90, 240.86, 53.97
15.15, 226.55, 46.26
384.73, 417.57, 8.62
20.60, 193.15, 34.19
170.08, 379.74, 0.71
175.77, 389.77, 2.98
270.15, 448.15, 23.96
354.15, 388.22, 47.46
374.94, 423.49, 12.26
115.94, 198.03, 5.94
187.87, 491.26, 43.92
411.62, 489.82, 50.85
278.04, 283.57, 10.88
240.84, 343.54, 19.92
303.29, 436.22, 52.52
149.39, 405.71, 31.16
410.37, 468.99, 14.03
439.12, 465.05, 56.56
301.66, 384.19, 48.73
483.00, 490.53, 48.28
10.73, 463.88, 39.56
139.96, 490.31, 41.00
159.84, 228.08, 24.82
14.60, 234.60, 45.87
196.42, 313.43, 34.99
269.66, 337.84, 49.86
133.72, 486.91, 57.85
433.42, 462.16, 28.72
466.67, 494.09, 46.36
216.79, 308.70, 18.76
8.38, 226.26, 24.90
323.11, 378.45, 19.89
211.31, 384.47, 32.42
165.65, 344.28, 27.43
407.93, 471.57, 42.58
361.06, 496.84, 20.83
145.92, 292.16, 19.69
407.33, 495.90, 20.51
211.58, 487.84, 1.51
143.51, 205.99, 47.51
345.73, 417.45, 4.03
487.47, 489.50, 12.35
373.33, 391.77, 16.45
120.98, 420.08, 45.74
299.95, 402.54, 54.37
300.49, 416.08, 53.65
191.52, 366.57, 42.53
378.52, 381.78, 58.80
158.60, 419.35, 24.24
489.52, 499.60, 48.34
325.72, 364.17, 58.43
245.03, 408.45, 30.51
93.52, 127.09, 46.65
261.10, 351.30, 18.61
107.41, 224.17, 26.92
466.05, 492.10, 36.85
445.51, 471.92, 18.04
474.65, 488.57, 6.39
441.56, 450.36, 13.59
424.34, 460.34, 29.21
79.44, 239.12, 26.85
115.47, 457.12, 29.23
345.81, 412.69, 34.20
142.87, 367.24, 2.56
119.46, 323.49, 52.34
10.96, 47.63, 58.90
424.39, 472.19, 11.38
54.17, 115.15, 31.40
485.66, 489.04, 49.39
399.47, 451.55, 20.64
323.33, 448.27, 11.37
270.88, 320.35, 6.90
404.45, 460.47, 4.72
210.96, 369.19, 21.33
464.02, 466.52, 1.24
341.43, 456.03, 18.14
314.74, 399.89, 0.38
169.03, 393.00, 24.65
101.98, 341.27, 17.39
225.65, 274.76, 10.67
341.04, 345.51, 49.86
73.50, 407.05, 21.33
7.78, 473.58, 45.87
474.43, 488.96, 25.52
256.17, 344.76, 42.74
373.23, 441.84, 32.67
316.78, 460.83, 25.14
347.68, 424.14, 11.76
104.94, 132.23, 43.27
388.04, 497.30, 35.39
344.72, 394.67, 51.93
355.48, 478.22, 35.69
410.87, 447.94, 18.70
289.79, 382.54, 46.05
416.06, 472.95, 0.82
456.07, 474.63, 59.92
137.79, 480.56, 22.71
201.33, 472.12, 32.97
1.86, 226.57, 18.18
395.73, 480.60, 55.33
328.26, 331.66, 29.95
23.15, 438.53, 14.01
214.15, 248.43, 20.98
424.60, 498.14, 39.05
90.49, 199.38, 26.93
346.90, 462.79, 8.15
453.46, 478.24, 21.29
372.62, 453.82, 21.71
355.95, 415.56, 35.18
65.10, 120.10, 19.04
256.69, 304.10, 6.91
320.54, 349.09, 56.92
79.12, 276.21, 12.07
36.71, 297.83, 18.77
142.16, 348.71, 58.93
349.74, 485.43, 16.19
301.80, 440.50, 25.16
417.63, 464.27, 49.75
498.29, 498.56, 36.62
105.72, 393.63, 2.46
253.24, 356.31, 45.45
15.52, 156.84, 53.06
313.33, 389.25, 50.54
159.32, 400.25, 5.24
408.55, 499.59, 55.35
278.66, 389.15, 21.27
292.76, 392.91, 34.28
400.25, 462.13, 10.56
176.79, 214.65, 56.90
277.66, 396.35, 23.80
161.24, 423.05, 55.54
447.13, 467.76, 8.93
140.93, 396.57, 15.92
290.00, 436.01, 43.17
195.94, 218.69, 37.21
308.65, 496.13, 34.25
21.44, 283.92, 47.61
346.31, 474.57, 9.94
288.29, 416.29, 48.99
279.89, 476.11, 36.98
285.29, 490.39, 39.38
347.94, 427.50, 34.83
80.83, 310.22, 20.28
308.57, 470.29, 24.56
72.44, 344.71, 36.43
115.31, 361.19, 25.76
476.30, 485.28, 34.82
315.21, 450.14, 32.27
361.61, 369.16, 45.65
476.23, 493.14, 8.32
65.37, 358.06, 57.89
201.93, 330.49, 57.71
47.00, 201.33, 43.71
253.52, 467.57, 37.48
270.59, 411.99, 16.52
34.00, 318.66, 1.83
348.25, 380.73, 44.61
261.67, 436.81, 58.83
252.66, 485.18, 43.45
128.62, 148.09, 49.92
225.12, 463.39, 52.65
171.47, 210.05, 47.44
376.52, 438.68, 5.37
35.39, 338.98, 35.39
218.97, 300.58, 56.21
352.23, 474.49, 2.49
283.73, 333.83, 46.26
142.63, 379.03, 19.68
392.96, 394.01, 8.09
50.84, 266.44, 5.72
368.33, 452.23, 6.11
394.16, 420.53, 31.36
292.57, 436.74, 8.01
17.41, 315.44, 41.86
202.70, 392.59, 46.05
350.75, 353.73, 57.48
98.71, 346.48, 32.85
436.14, 499.85, 29.27
210.73, 470.38, 40.16
80.66, 307.36, 30.38
394.97, 439.25, 30.31
271.52, 360.89, 58.72
134.63, 277.70, 4.86
113.74, 303.33, 3.09
220.97, 271.12, 21.58
388.96, 470.48, 28.58
92.87, 273.08, 26.32
443.25, 473.20, 16.32
333.86, 366.78, 8.69
59.01, 489.93, 54.53
275.61, 481.83, 36.56
310.02, 396.62, 30.35
349.54, 431.48, 52.07
204.92, 344.98, 1.80
74.80, 427.71, 58.97
253.17, 450.09, 24.78
185.78, 426.08, 14.10
2.66, 132.05, 58.27
195.64, 205.26, 13.72
161.78, 283.26, 39.39
478.85, 494.87, 54.08
192.85, 208.08, 36.36
46.45, 165.71, 3.78
311.99, 477.66, 19.13
395.75, 424.47, 50.43
214.06, 304.59, 41.90
453.73, 464.41, 52.16
123.72, 264.81, 16.45
13.76, 25.95, 55.64
16.63, 154.09, 18.17
499.18, 499.97, 30.93
121.57, 209.18, 14.03
189.35, 445.94, 19.60
166.71, 225.61, 23.16
25.74, 92.83, 12.81
334.21, 450.33, 41.10
88.02, 420.73, 46.96
99.49, 329.10, 8.20
109.61, 366.78, 45.75
116.46, 435.43, 26.42
297.37, 318.82, 24.14
131.49, 209.33, 56.05
44.59, 77.44, 1.24
128.88, 304.76, 1.03
194.97, 204.47, 1.66
90.75, 122.98, 26.66
136.34, 216.76, 57.00
458.74, 476.22, 34.03
492.89, 494.14, 47.26
174.78, 221.26, 48.65
352.93, 455.46, 4.56
116.95, 238.64, 34.30
131.03, 289.34, 55.66
395.23, 453.46, 24.62
128.71, 275.57, 42.52
395.57, 433.62, 1.45
440.89, 462.77, 30.40
218.99, 411.07, 8.55
368.45, 482.36, 45.91
319.76, 410.97, 19.12
251.56, 253.06, 3.48
264.92, 453.19, 43.17
448.42, 483.49, 32.48
179.04, 213.18, 33.59
360.36, 405.63, 48.38
165.55, 431.60, 55.73
261.56, 389.38, 16.38
371.96, 469.04, 31.11
39.12, 328.70, 32.11
453.35, 487.23, 20.02
103.43, 229.97, 50.02
48.60, 185.19, 56.72
498.93, 499.07, 41.92
80.54, 323.15, 22.95
445.71, 490.93, 24.49
285.29, 426.18, 28.06
484.42, 495.92, 52.27
432.39, 436.41, 23.70
394.53, 439.52, 29.50
275.99, 396.39, 46.96
419.98, 467.64, 7.71
442.70, 487.45, 23.65
380.00, 407.83, 3.13
274.62, 429.72, 22.20
279.60, 322.58, 27.29
171.51, 390.72, 15.15
374.25, 403.19, 12.21
272.68, 427.74, 26.36
102.18, 374.27, 46.06
453.95, 497.14, 7.31
184.51, 458.44, 14.00
146.70, 470.31, 19.99
324.20, 366.00, 39.43
479.66, 489.93, 36.88
118.40, 287.37, 19.54
259.74, 469.95, 6.32
351.71, 352.27, 25.87
412.47, 423.93, 42.38
68.03, 486.92, 49.61
251.32, 318.02, 29.33
43.41, 306.97, 33.68
409.38, 426.59, 49.62
310.02, 454.30, 23.70
0.31, 63.70, 58.69
26.78, 253.89, 7.33
148.24, 280.60, 6.66
68.19, 247.72, 52.68
494.95, 497.26, 14.38
19.01, 312.12, 19.14
223.82, 279.82, 16.45
135.84, 309.69, 15.91
94.49, 318.41, 34.26
74.80, 128.90, 41.88
21.12, 325.76, 5.17
104.36, 270.85, 33.12
416.91, 460.78, 37.78
432.69, 483.58, 7.80
425.92, 478.45, 54.44
495.36, 496.49, 52.12
336.80, 373.29, 8.74
381.94, 494.44, 9.90
481.32, 489.83, 15.55
342.75, 396.70, 42.48
328.12, 330.46, 50.47
321.86, 487.37, 50.89
350.18, 351.73, 53.78
22.20, 462.74, 36.23
136.05, 373.74, 16.33
435.27, 498.95, 35.67
192.48, 260.96, 20.96
374.20, 451.93, 5.90
12.19, 373.74, 48.89
148.12, 190.64, 12.69
317.07, 430.05, 24.45
418.23, 467.02, 20.74
497.83, 499.78, 30.69
297.33, 382.15, 40.07
217.29, 233.88, 30.49
204.41, 445.80, 11.56
489.15, 491.79, 59.82
178.08, 216.22, 41.90
349.71, 492.58, 30.33
99.92, 374.29, 5.00
69.34, 192.88, 13.49
393.32, 489.91, 50.56
265.40, 341.93, 46.98
56.66, 424.64, 37.65
341.52, 468.42, 12.57
176.61, 287.94, 0.41
453.20, 484.19, 10.88
157.41, 223.05, 10.88
246.94, 445.49, 30.40
110.63, 478.35, 8.80
4.09, 384.83, 42.51
487.08, 489.36, 16.79
103.11, 148.46, 38.81
412.90, 484.32, 9.68
456.50, 482.06, 30.21
126.00, 152.33, 16.02
345.91, 494.32, 14.63
210.99, 330.68, 35.75
431.27, 449.63, 1.18
312.31, 394.41, 58.03
210.14, 382.22, 59.77
478.64, 484.13, 14.54
416.56, 443.12, 53.82
70.02, 383.46, 44.47
333.02, 435.18, 17.92
55.04, 155.15, 14.20
310.98, 355.55, 29.61
349.85, 471.87, 46.25
14.86, 149.53, 41.09
418.97, 440.96, 44.53
85.30, 251.79, 32.63
479.51, 492.73, 54.95
121.36, 487.46, 49.08
139.53, 174.11, 48.89
171.51, 376.94, 54.75
470.67, 494.34, 59.17
361.83, 413.82, 15.01
175.82, 410.25, 32.70
438.81, 448.87, 54.72
478.99, 481.40, 46.51
427.81, 468.74, 39.99
446.81, 471.11, 4.03
365.93, 441.48, 9.30
464.52, 465.84, 41.74
226.45, 346.61, 50.16
343.78, 372.13, 31.98
269.11, 306.80, 24.42
349.10, 367.53, 21.77
192.92, 418.16, 59.10
106.98, 294.23, 38.46
195.10, 382.96, 24.62
217.67, 264.63, 58.15
416.30, 428.76, 48.84
238.43, 373.07, 49.00
338.56, 380.16, 8.92
360.52, 407.35, 47.59
63.39, 358.64, 52.49
372.60, 399.81, 38.18
93.26, 367.37, 31.08
203.10, 488.75, 41.25
334.67, 456.57, 31.77
277.21, 411.96, 35.38
96.51, 221.60, 52.51
420.48, 438.82, 53.31
436.93, 451.04, 12.36
405.62, 490.16, 46.41
376.05, 433.57, 25.98
283.24, 387.32, 59.52
306.79, 312.73, 10.38
172.84, 234.13, 36.61
458.80, 479.77, 58.12
31.69, 187.62, 26.39
69.69, 146.62, 33.03
377.16, 416.52, 11.21
51.06, 359.54, 48.93
325.27, 390.46, 21.50
468.52, 472.18, 46.53
439.07, 488.81, 18.33
149.30, 261.48, 36.49
63.94, 322.32, 5.71
246.28, 322.11, 14.48
379.48, 425.67, 50.53
190.89, 431.57, 44.75
128.73, 248.99, 17.79
217.47, 397.10, 19.81
209.10, 486.74, 30.21
104.43, 127.25, 2.85
337.92, 480.21, 52.18
12.04, 452.00, 33.36
150.72, 405.60, 34.81
368.71, 407.53, 33.84
165.90, 367.90, 40.43
226.75, 418.79, 2.31
366.48, 391.45, 47.22
439.88, 445.11, 1.02
21.82, 307.63, 16.98
468.06, 471.11, 1.51
111.87, 318.74, 47.04
156.22, 475.59, 50.09
134.42, 412.14, 39.92
21.03, 234.94, 40.86
488.37, 494.92, 28.49
479.83, 492.87, 15.06
340.36, 411.73, 7.29
128.56, 364.26, 51.94
216.51, 328.74, 40.34
184.36, 228.32, 26.26
322.60, 396.20, 19.65
115.31, 184.37, 6.82
101.47, 124.67, 13.67
348.86, 393.69, 8.41
96.07, 208.47, 49.45
340.86, 404.56, 32.41
112.83, 259.34, 13.05
266.18, 364.19, 46.90
287.07, 331.94, 47.85
216.09, 270.06, 53.32
250.42, 292.21, 16.69
126.18, 498.61, 30.53
3.54, 51.75, 29.67
267.74, 385.14, 26.38
118.29, 175.59, 41.29
82.49, 157.60, 8.68
343.12, 478.20, 7.03
484.94, 487.37, 0.04
378.51, 453.50, 17.13
62.49, 412.41, 31.07
335.69, 365.92, 32.28
432.43, 434.18, 41.59
6.68, 138.58, 49.07
429.91, 448.35, 8.33
367.35, 412.01, 40.96
364.79, 393.50, 45.51
21.18, 120.14, 49.05
359.19, 384.86, 41.44
382.84, 422.65, 55.35
325.94, 387.72, 6.00
107.81, 333.59, 35.81
31.33, 67.36, 18.04
412.96, 428.10, 19.12
468.52, 486.43, 46.79
311.87, 457.12, 27.29
10.22, 494.48, 4.03
224.22, 295.14, 3.96
77.09, 155.26, 11.38
219.50, 426.29, 41.50
409.12, 441.74, 48.28
137.39, 466.81, 58.61
30.18, 431.19, 6.83
300.24, 355.53, 31.34
206.41, 208.70, 28.80
311.90, 315.04, 20.91
184.85, 220.01, 24.27
332.33, 480.35, 29.19
320.44, 421.31, 18.29
42.74, 332.39, 3.68
418.68, 419.13, 29.17
83.22, 94.15, 26.63
302.16, 336.11, 57.44
367.31, 461.23, 14.85
313.30, 474.88, 24.54
166.62, 296.51, 45.15
255.55, 467.07, 53.88
28.28, 350.68, 22.61
213.87, 449.34, 40.23
248.25, 250.12, 43.36
344.84, 403.73, 15.01
90.18, 161.85, 6.06
149.02, 207.56, 31.37
22.13, 396.53, 56.37
498.14, 499.65, 12.87
255.87, 364.03, 42.20
345.33, 365.55, 59.09
129.17, 260.48, 32.88
166.52, 482.55, 29.07
180.15, 464.32, 29.62
321.09, 357.97, 16.77
440.12, 485.98, 5.72
248.48, 393.14, 37.99
327.54, 375.87, 59.73
293.42, 412.01, 54.72
374.55, 492.02, 1.43
38.35, 353.59, 56.34
170.54, 480.61, 16.08
383.36, 470.84, 6.62
177.97, 296.10, 24.45
309.00, 468.02, 37.22
275.87, 411.52, 12.37
353.05, 358.29, 50.77
328.64, 341.61, 1.56
387.26, 452.89, 56.81
75.03, 146.87, 9.76
359.58, 481.87, 9.18
496.34, 497.15, 22.32
332.24, 381.11, 11.74
366.62, 373.80, 44.20
459.82, 487.12, 57.84
224.60, 330.55, 40.89
75.29, 141.81, 55.41
346.58, 407.57, 4.34
350.63, 395.93, 11.07
258.66, 493.72, 35.15
131.46, 432.90, 31.26
214.01, 441.71, 30.60
78.66, 339.06, 13.23
190.48, 417.02, 28.47
241.45, 340.01, 31.15
148.82, 434.12, 56.13
204.52, 329.77, 40.83
343.38, 469.03, 9.94
53.68, 143.55, 36.98
208.44, 491.37, 40.23
155.08, 226.09, 28.21
67.48, 210.91, 58.61
205.88, 284.78, 53.73
440.23, 467.49, 14.78
248.89, 464.07, 59.91
368.47, 378.04, 47.38
415.22, 461.00, 11.91
256.72, 315.35, 54.49
128.74, 484.15, 42.80
40.89, 481.15, 12.17
436.83, 441.07, 7.71
370.42, 480.39, 11.42
85.77, 377.76, 41.19
228.60, 260.35, 21.99
499.73, 499.79, 38.82
334.86, 414.56, 24.46
9.69, 53.44, 28.00
83.42, 204.01, 35.47
79.76, 116.99, 44.15
489.26, 497.14, 24.43
449.16, 469.69, 55.02
444.72, 452.09, 19.66
118.75, 391.91, 5.58
353.18, 439.58, 25.36
17.04, 350.06, 15.60
211.00, 316.23, 36.51
49.30, 118.43, 19.73
268.30, 488.58, 22.63
124.77, 201.30, 2.68
326.14, 363.52, 32.76
234.78, 374.66, 38.09
334.18, 401.23, 28.51
280.11, 392.16, 15.42
51.26, 131.56, 58.89
183.48, 394.62, 23.41
434.77, 462.72, 25.93
432.71, 451.21, 17.47
445.20, 472.73, 52.68
146.81, 283.74, 40.66
402.69, 479.23, 10.76
102.08, 254.28, 0.08
224.28, 334.62, 33.08
460.49, 473.10, 10.56
118.03, 236.01, 23.61
272.07, 371.59, 33.14
424.34, 459.14, 19.94
238.33, 399.89, 23.89
88.64, 411.95, 41.47
286.25, 343.11, 17.26
36.00, 130.60, 45.30
278.01, 368.28, 44.61
308.65, 345.35, 49.98
228.69, 368.17, 20.00
35.72, 165.18, 51.77
287.96, 349.66, 20.06
442.30, 497.49, 46.93
24.58, 457.46, 9.47
484.10, 487.93, 43.79
295.08, 455.84, 6.17
129.75, 317.17, 57.57
244.80, 326.11, 48.34
113.36, 269.75, 47.15
342.40, 499.89, 6.03
461.96, 491.97, 32.36
349.02, 371.95, 1.33
76.27, 384.02, 2.66
336.25, 408.08, 29.71
421.14, 421.65, 7.87
351.65, 389.16, 59.53
277.66, 319.57, 49.42
152.06, 234.18, 13.65
334.22, 378.82, 41.33
145.02, 439.51, 54.32
461.20, 486.62, 3.27
358.52, 455.57, 47.65
135.65, 278.93, 59.52
464.23, 483.59, 4.47
472.61, 490.86, 46.35
169.04, 304.59, 7.60
486.75, 494.19, 32.70
227.82, 317.52, 49.04
371.79, 389.92, 52.97
480.50, 499.96, 2.05
48.28, 75.30, 14.00
238.91, 261.34, 49.66
315.30, 400.11, 47.74
107.75, 295.92, 10.82
453.41, 491.52, 35.12
481.06, 495.31, 14.98
381.19, 486.12, 1.48
74.33, 266.29, 3.70
277.52, 491.79, 58.83
493.19, 499.64, 10.66
258.19, 452.13, 20.46
67.86, 162.64, 57.39
52.10, 102.37, 38.93
57.99, 369.93, 47.81
470.98, 492.82, 34.72
419.95, 483.88, 18.82
119.43, 355.20, 48.31
188.21, 327.17, 53.18
63.49, 367.05, 41.03
219.93, 248.28, 32.94
374.97, 437.07, 45.68
145.13, 401.73, 54.11
412.12, 456.99, 6.11
421.80, 435.30, 43.15
194.16, 263.42, 21.69
473.66, 497.39, 21.48
90.52, 165.47, 5.74
53.45, 414.99, 2.48
91.05, 167.66, 34.99
288.40, 353.16, 43.65
458.34, 485.28, 5.44
388.24, 433.72, 43.60
404.81, 491.26, 38.87
295.13, 495.40, 34.54
395.11, 474.20, 38.20
187.35, 305.24, 5.86
61.68, 443.86, 29.10
281.85, 411.15, 9.15
351.89, 402.80, 5.15
373.29, 498.18, 27.42
209.01, 234.24, 53.63
64.15, 356.98, 9.42
141.80, 453.51, 34.41
243.03, 486.15, 40.64
268.07, 301.35, 14.75
118.82, 366.74, 53.59
142.00, 345.43, 24.19
80.90, 340.17, 58.82
202.89, 493.59, 4.31
390.55, 490.66, 32.39
328.49, 434.58, 25.34
279.99, 314.30, 52.45
51.61, 78.18, 22.68
5.60, 200.30, 44.89
315.76, 368.20, 29.34
331.86, 405.85, 43.08
17.53, 121.07, 2.02
377.36, 475.79, 17.38
323.44, 409.70, 37.03
293.80, 325.61, 52.92
166.59, 441.30, 4.55
437.59, 445.57, 58.24
241.29, 447.10, 54.04
92.91, 431.94, 58.27
28.00, 305.57, 16.36
478.27, 488.12, 32.04
214.97, 293.24, 48.16
276.65, 328.87, 5.05
145.42, 357.59, 47.43
337.98, 453.92, 45.87
423.89, 439.58, 54.71
68.74, 447.17, 34.31
374.80, 490.45, 18.58
417.52, 457.62, 31.22
473.59, 476.31, 45.11
340.48, 355.52, 16.10
476.45, 486.66, 25.71
258.93, 348.48, 54.27
74.11, 80.38, 44.59
356.15, 417.56, 39.64
297.83, 312.98, 42.32
172.37, 214.09, 18.00
426.47, 469.46, 54.54
402.42, 473.55, 57.99
94.04, 227.02, 10.58
145.27, 173.24, 28.99
488.85, 498.07, 25.06
160.85, 433.94, 35.38
282.91, 292.65, 41.83
17.99, 471.57, 32.21
44.69, 86.76, 33.50
432.89, 495.73, 55.20
181.46, 312.79, 56.99
160.60, 375.62, 46.89
244.50, 294.39, 14.47
76.85, 132.72, 56.95
20.78, 132.01, 27.60
134.88, 202.00, 26.45
42.83, 117.43, 36.99
266.15, 373.00, 40.12
286.05, 341.45, 28.06
76.04, 207.96, 15.91
203.02, 376.92, 54.47
428.21, 447.72, 43.21
178.56, 436.33, 59.66
278.76, 452.72, 49.57
290.99, 296.31, 3.02
473.36, 492.94, 15.99
246.91, 326.20, 57.11
221.34, 266.07, 42.35
330.15, 409.11, 13.83
173.25, 306.49, 33.11
483.72, 486.69, 38.18
13.06, 479.34, 17.74
39.46, 155.34, 55.19
298.03, 359.72, 7.25
435.24, 464.62, 27.01
498.58, 499.89, 25.62
326.29, 416.18, 29.78
371.53, 402.56, 9.83
120.53, 380.80, 11.77
3.85, 210.41, 32.93
455.90, 479.50, 2.82
154.23, 432.60, 57.47
306.99, 437.23, 47.25
458.33, 482.00, 40.49
69.87, 493.27, 26.83
212.96, 447.51, 52.40
439.19, 454.65, 43.12
377.16, 407.40, 48.92
474.78, 489.74, 18.45
186.99, 377.82, 54.71
268.11, 475.97, 8.29
438.35, 467.69, 6.90
373.29, 389.51, 53.11
109.71, 488.32, 14.87
477.14, 484.70, 52.22
138.95, 274.67, 24.85
459.64, 467.47, 32.99
395.43, 405.43, 44.40
352.31, 484.74, 13.58
264.73, 315.49, 27.18
51.10, 420.43, 54.17
350.49, 410.55, 52.94
293.15, 470.08, 57.08
157.63, 392.24, 26.21
177.63, 277.15, 8.24
318.28, 414.01, 9.78
211.31, 318.37, 8.97
15.58, 486.16, 10.85
301.11, 354.54, 44.35
317.30, 386.49, 18.09
113.77, 263.33, 31.89
208.84, 422.89, 33.34
86.66, 247.47, 7.01
281.90, 405.32, 19.76
417.51, 427.00, 49.69
347.22, 436.21, 26.86
397.46, 482.81, 15.56
264.78, 278.12, 59.24
292.35, 364.87, 42.79
82.90, 134.34, 57.49
434.96, 485.04, 0.67
210.90, 329.86, 24.29
79.24, 220.02, 4.81
382.76, 407.65, 3.37
196.71, 200.11, 3.67
161.99, 307.35, 31.87
80.43, 248.21, 1.00
254.84, 368.75, 24.31
173.22, 237.43, 14.26
1.11, 280.30, 17.29
268.59, 286.55, 19.16
163.40, 379.24, 35.01
456.13, 479.10, 12.26
96.70, 461.97, 54.68
211.84, 479.61, 53.59
116.69, 498.76, 24.86
179.19, 332.01, 9.01
455.21, 463.75, 27.01
261.48, 450.84, 52.81
162.02, 224.29, 37.65
464.46, 483.07, 34.01
242.16, 371.74, 53.70
299.14, 435.72, 51.61
272.45, 456.84, 34.13
294.81, 347.59, 42.50
280.63, 320.21, 53.96
90.55, 97.96, 58.02
359.39, 392.31, 10.66
485.44, 499.13, 49.51
386.50, 463.20, 33.99
42.54, 268.37, 15.88
395.57, 469.17, 57.06
175.74, 477.01, 46.16
150.27, 408.41, 16.24
410.29, 426.33, 13.67
382.79, 433.14, 6.70
13.53, 472.65, 3.59
24.37, 388.61, 58.70
251.52, 296.65, 40.11
148.73, 383.57, 42.07
453.64, 483.85, 0.40
325.48, 441.84, 2.49
174.83, 347.74, 57.26
207.25, 338.27, 48.93
342.40, 426.57, 59.12
11.37, 46.86, 55.78
178.66, 346.11, 51.67
166.46, 494.86, 42.05
210.55, 357.10, 27.18
341.52, 381.23, 52.25
128.12, 209.36, 54.30
419.19, 453.30, 55.83
445.62, 459.55, 48.38
280.79, 402.51, 52.09
166.25, 291.89, 29.73
99.86, 484.38, 22.86
266.21, 447.22, 40.06
255.76, 443.01, 3.84
106.77, 283.73, 45.33
42.54, 493.97, 13.45
170.11, 183.37, 41.88
122.90, 181.53, 55.03
105.20, 478.31, 21.03
224.17, 303.10, 39.42
277.55, 352.75, 31.79
458.11, 484.15, 9.80
155.14, 436.40, 10.31
427.58, 495.85, 35.16
242.12, 284.85, 54.66
26.80, 380.54, 1.71
206.58, 244.32, 13.03
108.62, 112.41, 59.14
150.82, 223.96, 39.42
44.13, 95.66, 39.72
453.22, 486.70, 30.64
201.83, 366.26, 8.94
85.33, 231.26, 30.14
84.61, 380.37, 15.57
85.54, 97.64, 24.63
348.84, 371.13, 32.99
266.20, 308.62, 26.83
250.53, 454.34, 50.67
56.70, 465.33, 8.55
284.04, 381.96, 32.11
451.96, 498.69, 41.45
458.43, 464.05, 10.53
157.84, 352.89, 54.41
361.86, 487.89, 33.98
14.94, 308.81, 44.85
453.28, 481.25, 45.07
449.92, 462.85, 24.08
460.10, 468.49, 13.65
365.93, 418.98, 50.25
409.44, 466.79, 22.62
348.84, 385.45, 6.24
243.43, 389.52, 43.22
148.96, 252.69, 8.82
228.03, 296.03, 16.09
410.87, 447.64, 9.55
21.87, 248.11, 3.90
378.87, 433.16, 3.06
389.87, 478.17, 9.13
114.93, 490.41, 12.60
188.06, 474.01, 43.39
442.90, 474.39, 53.64
473.39, 493.37, 20.57
189.09, 458.92, 1.47
468.32, 492.90, 51.89
138.40, 140.63, 25.10
197.20, 284.78, 15.25
277.60, 307.15, 15.19
471.31, 482.52, 59.78
168.78, 273.46, 26.40
96.18, 159.22, 19.33
495.86, 499.84, 10.06
269.13, 489.06, 10.06
269.02, 432.88, 51.58
190.97, 344.55, 48.20
169.82, 379.70, 43.19
494.83, 498.95, 28.80
383.18, 435.64, 36.43
259.74, 285.44, 25.15
306.89, 320.68, 46.12
190.95, 246.75, 6.55
65.42, 413.66, 36.59
72.13, 458.50, 18.89
95.11, 178.17, 48.92
393.66, 464.12, 34.00
26.64, 88.72, 22.87
194.31, 490.22, 18.11
477.63, 498.18, 5.55
186.07, 389.73, 24.93
498.41, 498.56, 19.35
224.77, 227.89, 51.06
99.02, 394.26, 21.07
206.29, 272.13, 9.57
336.07, 400.09, 19.79
70.13, 323.24, 48.49
170.90, 173.24, 11.28
343.49, 476.56, 31.53
33.23, 59.92, 48.14
120.43, 472.02, 17.87
53.03, 407.45, 15.42
107.00, 116.82, 51.39
69.05, 394.67, 38.70
433.04, 479.29, 47.16
97.28, 169.41, 12.70
402.69, 451.39, 50.14
260.44, 268.77, 21.51
284.95, 403.56, 46.13
51.15, 153.98, 43.00
200.77, 245.66, 15.50
41.14, 55.93, 48.69
202.41, 463.75, 3.49
67.69, 197.16, 22.66
329.78, 343.43, 4.32
339.27, 432.99, 47.21
327.68, 399.09, 7.86
118.81, 475.31, 55.81
380.75, 390.31, 24.16
475.46, 480.52, 53.97
231.80, 305.89, 30.71
358.70, 367.77, 31.89
456.19, 456.33, 47.14
253.43, 484.30, 58.46
33.34, 87.09, 39.47
234.40, 422.68, 30.05
248.15, 291.74, 19.31
164.71, 322.37, 28.97
431.94, 485.81, 18.82
390.24, 492.78, 20.96
179.75, 311.00, 58.46
379.57, 451.40, 7.78
16.34, 210.37, 48.40
163.20, 247.80, 26.77
94.64, 406.13, 43.67
445.89, 466.27, 10.92
456.30, 499.97, 14.97
215.87, 270.88, 9.72
228.51, 387.11, 49.68
368.02, 374.37, 38.36
437.50, 491.62, 7.24
103.98, 217.96, 50.13
447.39, 495.70, 49.16
487.32, 488.77, 49.91
449.13, 482.46, 11.37
325.48, 348.79, 24.30
486.79, 499.97, 36.02
336.28, 434.20, 32.84
283.35, 342.67, 15.40
147.82, 434.86, 3.06
176.29, 416.77, 12.98
388.33, 490.27, 16.47
356.01, 475.77, 40.65
260.52, 346.90, 41.50
383.85, 497.32, 36.30
374.78, 417.43, 39.67
208.04, 356.53, 8.23
49.73, 261.71, 40.50
164.07, 302.06, 1.11
91.28, 322.55, 46.66
296.93, 435.06, 38.78
41.78, 147.58, 30.79
345.18, 499.46, 20.16
365.26, 398.51, 16.92
437.53, 446.78, 13.65
312.57, 318.37, 0.06
38.62, 382.15, 59.33
106.30, 140.70, 4.65
1.75, 409.01, 15.45
409.59, 446.45, 33.75
306.07, 421.84, 42.87
111.64, 259.19, 33.61
236.38, 411.35, 56.32
83.54, 96.13, 10.25
467.92, 482.40, 51.70
48.20, 268.48, 2.77
308.34, 372.98, 51.94
376.51, 443.95, 40.99
287.79, 484.73, 27.57
283.39, 334.25, 28.55
437.12, 452.44, 9.28
363.20, 432.74, 56.19
17.44, 489.13, 46.62
486.31, 495.55, 59.15
223.09, 347.05, 6.54
92.64, 133.69, 26.69
36.30, 461.17, 35.05
171.41, 238.09, 26.67
31.95, 145.71, 53.05
26.86, 443.76, 2.79
70.18, 495.96, 50.35
106.40, 296.80, 32.70
43.90, 377.77, 7.45
23.38, 147.39, 20.43
223.41, 239.52, 1.00
256.29, 295.85, 32.82
327.23, 371.80, 2.31
158.73, 478.37, 15.48
308.92, 401.30, 47.96
185.40, 445.53, 15.81
45.87, 62.25, 53.13
439.54, 439.83, 36.77
210.43, 453.21, 20.81
89.30, 168.22, 23.13
159.99, 440.29, 20.04
198.22, 486.75, 58.40
261.28, 381.91, 51.94
378.48, 496.67, 44.30
229.18, 494.52, 40.21
220.16, 301.52, 42.09
374.32, 471.38, 41.77
485.66, 491.58, 33.81
177.47, 416.97, 19.13
399.08, 495.99, 30.07
407.06, 455.13, 38.12
318.61, 490.38, 25.12
129.75, 164.37, 38.88
467.74, 479.31, 19.14
496.49, 496.75, 42.91
30.40, 476.93, 47.52
178.79, 187.26, 31.54
100.71, 132.75, 56.65
348.19, 404.70, 9.27
28.78, 57.80, 1.32
192.27, 370.92, 35.80
435.99, 446.64, 8.91
213.77, 485.48, 42.22
396.82, 399.73, 37.14
19.30, 248.74, 44.97
312.40, 322.50, 42.63
41.17, 463.93, 6.05
146.47, 346.43, 34.72
205.69, 412.62, 44.46
269.97, 488.37, 10.16
32.27, 272.85, 51.43
477.19, 481.25, 47.15
77.36, 450.91, 26.93
109.52, 440.02, 39.00
91.98, 191.35, 5.57
460.92, 477.45, 5.91
301.34, 459.14, 43.09
58.95, 456.95, 36.30
403.47, 436.07, 38.28
326.24, 427.60, 12.44
283.64, 466.60, 16.45
342.74, 405.18, 48.97
113.51, 307.32, 7.38
262.57, 313.67, 51.90
13.41, 448.96, 40.03
201.59, 496.72, 29.91
362.85, 446.32, 16.26
416.99, 462.07, 34.63
212.87, 276.77, 43.18
159.35, 326.21, 51.19
145.41, 294.96, 7.00
5.26, 88.52, 21.12
402.07, 403.60, 26.66
83.64, 447.99, 54.63
231.13, 481.21, 21.92
209.04, 226.84, 35.89
238.24, 293.03, 54.06
337.41, 459.30, 0.44
136.62, 282.27, 36.92
280.91, 347.78, 46.08
238.93, 244.72, 57.75
68.21, 494.57, 44.67
377.96, 467.88, 39.58
29.53, 293.76, 50.30
248.13, 256.76, 27.41
432.05, 483.93, 45.84
490.22, 492.52, 35.15
106.45, 391.17, 13.39
255.18, 291.63, 39.35
298.53, 439.01, 11.72
47.94, 200.79, 53.66
266.44, 436.53, 12.66
425.38, 446.56, 34.64
234.58, 321.20, 6.52
170.89, 327.49, 21.18
23.58, 498.59, 31.35
452.07, 458.51, 4.24
313.14, 430.63, 49.43
249.55, 396.27, 48.38
374.46, 433.42, 4.81
89.14, 439.12, 9.33
43.96, 414.60, 24.88
374.83, 426.32, 39.54
10.83, 355.19, 35.06
473.95, 499.57, 34.74
473.59, 476.04, 15.36
206.08, 255.31, 15.08
193.33, 196.07, 59.47
99.17, 304.90, 3.90
250.74, 418.29, 57.25
262.11, 421.65, 50.82
208.18, 231.18, 28.95
43.89, 205.16, 13.16
204.79, 395.48, 30.41
369.40, 437.85, 26.96
78.77, 120.38, 1.56
322.57, 344.57, 33.77
233.56, 247.06, 2.10
251.72, 364.64, 10.13
454.10, 490.35, 6.89
461.67, 483.43, 39.65
47.67, 397.18, 55.81
496.14, 497.66, 21.33
345.71, 401.42, 47.04
163.15, 313.02, 48.94
68.16, 300.05, 45.76
378.89, 426.40, 13.18
135.26, 441.97, 29.75
164.31, 248.04, 17.62
24.38, 355.23, 47.53
286.37, 495.06, 9.41
24.32, 381.88, 59.24
153.20, 358.07, 33.19
48.84, 63.76, 25.60
215.02, 220.56, 29.78
348.61, 439.45, 40.51
349.19, 437.54, 26.63
316.13, 372.78, 28.27
84.73, 389.74, 53.58
428.22, 439.02, 42.65
107.79, 148.88, 50.70
22.48, 381.02, 30.75
350.17, 482.89, 4.81
375.94, 493.86, 16.78
159.50, 232.22, 42.76
253.29, 310.84, 16.90
144.17, 429.14, 12.14
35.39, 70.85, 14.30
341.56, 445.78, 0.17
34.93, 189.78, 20.32
437.93, 455.60, 26.81
471.04, 487.51, 40.95
432.40, 481.82, 26.50
118.24, 121.05, 55.41
451.99, 453.40, 11.58
181.60, 349.23, 32.55
448.00, 467.36, 36.50
290.12, 310.88, 19.04
302.79, 422.90, 23.92
459.29, 472.59, 47.72
9.43, 419.03, 18.17
260.55, 353.56, 33.37
118.66, 370.14, 26.36
66.13, 474.72, 23.46
141.25, 418.23, 39.89
421.48, 454.16, 50.55
110.20, 239.14, 7.45
149.78, 436.66, 29.17
109.71, 141.61, 0.79
24.72, 400.12, 29.87
328.94, 433.33, 6.14
70.27, 197.57, 4.57
160.51, 281.24, 52.53
75.85, 159.16, 48.02
98.90, 342.63, 22.89
59.92, 66.85, 37.39
265.36, 329.83, 10.48
490.45, 498.46, 32.99
355.49, 412.98, 10.58
388.07, 423.03, 46.25
236.63, 446.38, 2.66
310.17, 408.17, 42.41
375.82, 439.49, 48.38
452.54, 454.39, 44.49
319.59, 405.42, 14.31
25.25, 54.33, 56.75
135.12, 382.75, 51.60
469.79, 493.97, 30.52
121.56, 411.52, 36.32
300.24, 372.87, 28.16
273.54, 475.17, 20.79
185.48, 206.10, 20.26
487.30, 495.45, 35.76
149.91, 390.58, 55.53
407.47, 446.10, 3.12
277.63, 305.10, 47.42
180.14, 303.20, 16.40
362.36, 432.40, 46.36
270.23, 462.40, 49.19
373.73, 418.58, 47.16
478.06, 497.50, 47.57
215.96, 383.17, 56.08
416.07, 473.17, 58.37
354.26, 469.06, 48.76
44.27, 178.23, 49.32
287.19, 393.76, 5.51
472.06, 494.51, 35.88
364.06, 418.61, 52.96
181.62, 298.16, 52.12
396.11, 430.84, 26.94
172.17, 189.21, 54.61
203.57, 249.89, 19.52
329.92, 390.64, 59.15
486.39, 497.11, 19.68
158.07, 271.83, 24.91
22.03, 122.22, 0.79
416.10, 482.77, 49.35
486.89, 491.81, 25.40
280.77, 429.82, 5.42
484.04, 488.67, 6.65
416.18, 498.54, 29.29
451.43, 498.23, 4.22
387.69, 433.40, 18.09
331.78, 449.50, 56.75
238.43, 389.16, 12.13
23.88, 192.51, 21.93
329.40, 489.97, 40.47
14.60, 457.37, 5.39
287.27, 303.04, 11.57
25.21, 91.11, 29.00
170.55, 313.31, 38.50
307.92, 352.72, 14.93
317.35, 421.32, 49.16
209.52, 365.32, 2.17
339.20, 457.61, 52.77
93.04, 295.56, 3.11
436.74, 474.95, 22.90
485.99, 492.12, 49.04
199.00, 454.13, 21.52
220.30, 294.44, 20.06
369.12, 430.96, 35.36
153.28, 281.82, 46.37
278.66, 368.70, 13.43
126.79, 309.14, 0.62
334.19, 469.00, 9.43
443.85, 478.43, 32.78
142.96, 266.17, 13.34
131.06, 175.95, 7.51
155.40, 443.79, 29.76
424.36, 437.40, 26.34
139.79, 239.88, 53.98
76.33, 344.87, 11.04
454.77, 456.31, 58.17
49.70, 415.55, 7.77
7.42, 369.86, 16.97
244.25, 475.19, 20.95
43.90, 364.20, 40.89
417.02, 494.30, 59.88
76.72, 426.78, 16.04
211.05, 342.15, 36.08
370.78, 389.09, 16.12
16.85, 217.47, 23.83
52.25, 242.62, 25.75
67.93, 288.22, 27.36
131.41, 448.11, 39.66
28.26, 144.28, 42.79
106.97, 294.27, 28.68
177.60, 445.25, 19.89
406.09, 464.93, 16.97
454.80, 457.51, 33.81
274.73, 391.77, 4.39
388.81, 477.36, 9.64
429.29, 481.29, 39.77
148.05, 282.49, 58.28
375.04, 376.51, 13.13
380.75, 466.76, 20.40
352.85, 396.13, 55.16
15.88, 379.29, 51.77
454.42, 479.78, 57.48
59.27, 432.64, 36.69
111.58, 464.22, 5.59
462.08, 479.36, 43.90
478.65, 491.97, 35.06
176.69, 177.13, 58.13
250.86, 397.65, 47.58
354.24, 369.63, 48.67
260.55, 466.47, 5.45
97.09, 250.16, 10.99
325.53, 367.24, 7.55
66.99, 388.65, 36.08
357.33, 439.73, 4.35
379.06, 430.55, 2.51
229.35, 376.91, 22.67
397.20, 472.09, 5.58
422.06, 462.72, 48.19
97.52, 207.20, 53.64
64.64, 342.94, 25.03
398.11, 409.50, 31.98
243.69, 373.12, 42.35
77.06, 381.81, 35.75
411.22, 443.02, 17.10
429.36, 479.16, 4.41
459.87, 460.10, 55.98
457.84, 466.92, 27.01
104.19, 283.32, 56.77
469.66, 487.34, 9.02
177.01, 281.21, 16.65
266.58, 452.71, 14.10
379.91, 450.29, 39.89
489.06, 491.50, 56.06
481.92, 488.78, 8.01
414.46, 456.31, 54.74
499.37, 499.67, 58.71
427.56, 428.32, 41.81
79.44, 405.33, 43.35
293.31, 312.68, 6.76
208.66, 492.15, 44.04
77.29, 212.19, 26.19
40.50, 118.08, 18.46
392.65, 485.69, 59.37
145.65, 344.96, 9.46
414.59, 490.95, 36.57
394.73, 458.08, 36.79
108.80, 123.29, 32.13
52.31, 454.64, 25.69
179.31, 419.93, 18.36
52.29, 427.80, 9.96
168.54, 380.75, 57.40
402.07, 495.02, 43.11
248.15, 326.05, 43.13
289.27, 359.27, 46.89
338.68, 441.17, 11.70
301.61, 391.29, 10.74
98.51, 495.60, 14.77
280.66, 477.80, 54.61
343.75, 464.73, 11.87
276.54, 293.90, 49.66
410.49, 497.18, 4.37
415.88, 474.89, 3.83
163.58, 227.94, 1.34
300.01, 326.23, 49.03
102.94, 239.89, 34.45
380.63, 456.25, 2.50
132.53, 199.61, 22.44
174.09, 219.46, 2.92
351.45, 411.25, 23.15
239.94, 420.66, 10.38
12.50, 82.17, 40.14
122.93, 185.82, 35.93
384.29, 408.67, 28.97
6.33, 232.49, 17.77
461.33, 466.39, 12.97
207.30, 267.11, 55.88
103.73, 211.21, 6.79
428.05, 443.52, 41.63
68.64, 80.51, 36.73
419.63, 457.59, 21.52
329.42, 403.36, 55.65
480.94, 498.07, 42.04
380.95, 471.79, 56.59
69.34, 493.53, 43.60
210.56, 440.80, 9.03
299.23, 374.52, 12.27
87.79, 323.70, 53.15
317.39, 357.10, 47.20
104.22, 424.96, 8.23
28.96, 121.91, 45.50
291.09, 448.94, 18.28
469.63, 476.34, 13.63
465.97, 476.74, 9.43
338.60, 405.87, 31.36
29.11, 457.02, 26.10
388.44, 391.51, 49.87
50.29, 369.67, 45.10
71.34, 304.45, 45.40
477.54, 479.62, 14.96
131.75, 386.44, 43.85
467.51, 499.34, 30.39
273.45, 330.92, 4.58
498.67, 499.88, 5.84
179.13, 438.36, 13.51
393.76, 480.79, 35.03
82.75, 470.69, 12.04
461.71, 498.87, 13.05
354.06, 478.55, 7.91
481.49, 491.53, 51.56
212.06, 395.89, 24.01
5.04, 335.92, 12.50
301.87, 340.07, 8.40
266.78, 269.59, 0.30
11.57, 319.13, 22.32
162.83, 440.15, 3.57
132.77, 169.14, 8.10
120.72, 237.58, 21.82
344.78, 493.22, 45.37
27.89, 56.49, 49.86
89.27, 343.96, 57.69
41.60, 201.32, 57.48
262.29, 335.16, 0.77
372.45, 432.87, 34.68
347.41, 446.38, 35.73
334.76, 365.37, 28.70
207.74, 395.64, 52.84
398.77, 448.01, 36.75
311.06, 316.75, 11.57
477.03, 481.48, 35.57
240.46, 433.02, 8.00
41.61, 232.79, 41.83
8.91, 36.89, 59.03
212.61, 462.71, 25.37
8.97, 120.60, 51.26
494.38, 498.30, 15.84
453.31, 462.18, 28.92
177.33, 327.22, 31.75
460.04, 467.70, 56.79
380.50, 406.30, 15.23
70.22, 221.89, 58.56
97.99, 160.76, 15.06
17.14, 499.97, 5.94
242.58, 438.84, 39.97
60.24, 342.88, 46.44
363.84, 364.05, 44.55
213.40, 318.51, 55.55
270.44, 277.58, 25.05
299.25, 459.83, 10.07
17.03, 194.10, 33.04
12.70, 161.52, 29.92
440.63, 450.15, 35.98
138.63, 240.43, 35.27
458.85, 461.47, 4.60
303.77, 311.14, 59.37
488.62, 491.74, 43.90
214.42, 295.34, 54.89
418.58, 493.02, 46.06
301.52, 392.97, 38.71
386.12, 499.14, 6.03
124.39, 330.86, 25.18
482.10, 499.12, 22.76
339.98, 382.50, 48.51
245.09, 342.86, 46.96
82.83, 217.16, 17.87
226.80, 495.71, 9.30
291.12, 353.42, 12.58
320.31, 378.27, 26.47
412.11, 435.23, 16.16
259.82, 439.50, 15.88
94.12, 199.14, 14.45
32.50, 372.79, 29.53
480.67, 494.29, 12.69
206.56, 307.21, 20.84
129.31, 252.88, 26.32
183.95, 387.17, 44.09
446.61, 449.87, 17.60
446.20, 456.88, 30.01
421.29, 488.26, 53.36
288.13, 422.20, 2.15
416.30, 479.27, 34.84
141.10, 238.55, 33.59
405.39, 458.16, 46.52
185.71, 331.36, 10.03
377.45, 436.32, 34.89
357.30, 457.01, 1.04
242.10, 398.92, 47.15
368.45, 438.62, 23.13
15.88, 114.65, 41.93
322.26, 433.24, 24.75
413.74, 487.70, 36.29
182.97, 191.29, 51.06
275.63, 422.23, 3.61
117.63, 278.04, 32.97
87.57, 318.24, 11.98
336.36, 377.56, 28.64
271.32, 438.16, 41.63
353.19, 355.09, 22.78
480.12, 481.21, 7.58
375.27, 393.51, 18.42
412.84, 468.05, 31.12
119.11, 329.54, 53.59
206.56, 368.30, 34.28
60.67, 235.96, 0.32
350.87, 360.64, 7.05
263.62, 290.65, 51.85
350.20, 436.92, 20.92
310.01, 343.30, 34.14
103.38, 239.58, 45.74
292.49, 433.80, 47.65
235.68, 296.20, 34.23
128.35, 463.87, 50.33
472.12, 493.79, 39.62
437.64, 444.16, 53.74
140.89, 412.09, 12.66
201.01, 228.61, 54.90
108.34, 167.24, 53.37
191.43, 276.63, 27.63
431.71, 475.53, 16.83
68.97, 353.33, 3.92
337.61, 442.48, 59.51
353.82, 385.63, 27.40
353.86, 459.96, 49.81
59.22, 375.92, 13.31
102.47, 128.11, 41.64
388.91, 424.23, 41.88
466.54, 482.36, 30.36
391.95, 425.72, 39.53
132.88, 382.10, 43.46
138.05, 293.23, 25.78
451.81, 499.64, 52.21
136.16, 156.68, 56.78
203.45, 370.50, 11.55
186.24, 199.25, 40.36
284.57, 477.61, 12.45
436.09, 445.85, 46.36
86.96, 396.13, 30.25
428.71, 447.45, 10.38
497.09, 498.78, 2.37
179.71, 421.65, 43.82
63.66, 81.51, 16.59
134.57, 429.81, 17.83
22.66, 48.79, 3.56
31.72, 100.74, 39.45
95.43, 440.23, 13.51
54.43, 379.22, 43.16
352.89, 477.30, 42.71
2.53, 351.37, 37.87
24.54, 444.09, 29.41
368.85, 382.03, 14.56
492.55, 493.81, 8.00
475.33, 477.60, 12.23
406.03, 499.99, 22.19
24.34, 203.91, 35.99
446.96, 492.91, 40.33
362.91, 463.12, 58.67
333.37, 360.50, 55.96
254.26, 413.00, 34.52
225.73, 297.95, 42.46
316.54, 479.43, 6.67
366.60, 463.36, 28.40
330.77, 412.87, 17.62
97.66, 303.65, 59.24
158.07, 319.74, 51.02
422.47, 497.80, 17.09
345.36, 447.45, 1.09
80.90, 301.56, 12.00
457.93, 497.64, 40.78
235.71, 294.69, 42.78
64.49, 222.44, 18.13
402.81, 412.38, 0.19
430.14, 451.87, 11.16
251.15, 341.11, 57.75
157.35, 232.63, 50.29
413.97, 438.74, 13.59
66.97, 371.94, 13.72
55.71, 104.85, 37.47
342.48, 466.72, 50.87
190.65, 402.05, 27.90
184.38, 334.43, 30.58
209.92, 477.73, 23.58
250.24, 439.46, 21.41
310.27, 428.84, 47.14
300.73, 360.72, 8.38
88.21, 423.40, 56.42
48.08, 305.00, 11.91
33.71, 492.57, 45.80
20.14, 143.38, 17.36
87.30, 493.48, 25.09
125.23, 381.76, 5.31
379.71, 451.07, 33.95
342.91, 394.91, 31.47
312.19, 421.22, 33.33
383.89, 409.11, 37.04
324.82, 486.10, 18.36
74.18, 221.67, 54.96
99.08, 272.74, 49.25
433.76, 442.69, 30.05
114.05, 145.67, 22.81
253.50, 440.49, 31.07
484.51, 486.30, 37.02
236.78, 439.16, 56.16
415.92, 481.85, 0.78
276.51, 343.71, 18.60
480.19, 483.54, 58.70
498.92, 499.82, 24.12
306.91, 363.75, 43.45
130.94, 478.72, 11.74
262.96, 462.61, 44.32
355.82, 458.13, 45.26
319.13, 324.35, 56.34
418.82, 429.49, 9.05
138.97, 202.45, 38.33
149.48, 189.53, 57.14
36.07, 431.98, 27.58
86.58, 412.48, 7.05
391.86, 477.50, 20.48
342.40, 348.15, 15.90
470.47, 490.88, 1.07
35.22, 44.69, 44.00
373.93, 401.75, 49.45
366.42, 499.45, 18.06
208.61, 363.57, 37.42
31.95, 44.38, 29.71
450.01, 455.64, 7.04
453.02, 473.74, 42.12
55.99, 247.88, 56.11
95.77, 160.16, 26.81
153.07, 215.24, 51.41
241.83, 363.98, 50.87
168.03, 369.88, 21.69
278.28, 414.44, 59.13
161.32, 231.31, 37.21
214.47, 390.90, 24.89
400.56, 420.94, 7.40
12.15, 360.73, 52.94
455.73, 499.30, 30.79
250.40, 466.51, 7.81
364.47, 479.18, 59.14
448.61, 462.06, 6.49
267.83, 382.32, 58.80
351.66, 455.24, 34.13
418.84, 463.39, 53.01
456.18, 496.37, 33.68
176.78, 241.32, 17.97
333.52, 386.60, 20.06
86.89, 129.26, 9.56
202.41, 228.23, 17.31
465.25, 492.84, 44.57
27.74, 409.59, 28.09
129.14, 316.92, 37.83
490.54, 493.16, 17.57
93.51, 183.25, 51.32
295.57, 382.15, 25.92
258.22, 392.25, 12.30
272.76, 361.43, 31.56
401.01, 435.21, 50.17
396.92, 474.65, 30.32
229.53, 274.55, 15.91
12.27, 463.41, 9.16
394.89, 405.11, 28.83
13.09, 482.38, 56.57
292.54, 408.02, 32.28
315.82, 418.80, 41.21
234.79, 350.34, 39.46
469.65, 494.77, 44.15
236.44, 455.94, 40.19
8.51, 44.77, 5.35
273.34, 496.14, 47.25
456.19, 490.67, 19.23
15.21, 74.51, 13.53
73.06, 113.14, 25.31
261.62, 420.30, 17.46
290.35, 446.08, 4.63
185.95, 442.36, 19.77
124.96, 354.27, 9.24
79.10, 167.61, 28.71
22.45, 404.79, 57.87
145.18, 154.98, 40.15
345.84, 463.12, 42.60
97.37, 434.04, 50.74
427.76, 477.83, 7.96
397.35, 484.99, 4.65
46.60, 415.88, 21.46
36.96, 494.93, 14.89
183.57, 212.76, 51.44
339.93, 426.76, 24.89
282.45, 471.50, 1.54
426.82, 460.46, 55.24
277.50, 396.53, 38.48
299.42, 329.42, 58.07
191.24, 249.31, 8.96
25.56, 372.32, 48.65
444.26, 454.12, 49.52
302.88, 457.81, 5.12
477.81, 492.75, 7.93
314.19, 480.83, 11.77
177.43, 208.67, 33.11
319.01, 327.17, 16.17
215.20, 337.91, 31.38
419.25, 499.87, 3.18
113.65, 255.56, 25.59
453.40, 486.35, 26.38
385.56, 488.72, 29.94
76.24, 126.35, 8.80
335.34, 436.19, 43.27
332.25, 384.38, 35.36
331.80, 420.06, 44.87
492.31, 492.92, 18.61
389.49, 419.37, 27.66
159.06, 394.24, 33.34
42.59, 228.12, 20.75
217.75, 243.53, 52.91
69.15, 189.62, 14.39
178.27, 198.98, 7.01
442.09, 497.10, 43.38
385.78, 407.07, 46.18
254.42, 354.65, 6.54
30.76, 398.63, 8.40
106.31, 476.86, 18.58
429.62, 485.35, 6.67
359.78, 492.09, 22.83
235.25, 318.37, 59.75
78.37, 88.72, 57.55
136.77, 238.52, 59.87
185.03, 488.61, 41.51
279.99, 403.27, 57.62
204.08, 224.21, 44.30
149.37, 444.17, 14.00
216.16, 473.29, 10.33
59.24, 114.68, 49.23
159.92, 285.59, 10.97
270.27, 389.61, 35.56
173.39, 386.70, 3.50
138.81, 352.41, 24.30
95.40, 167.47, 36.46
184.21, 426.05, 33.13
353.19, 479.13, 35.97
85.18, 258.30, 15.40
61.40, 280.12, 34.09
453.37, 469.01, 57.62
60.99, 377.10, 35.87
342.30, 430.07, 9.97
146.60, 375.66, 3.94
396.62, 488.46, 36.90
181.81, 480.62, 25.64
390.73, 431.73, 47.22
493.76, 497.09, 35.46
212.10, 249.52, 13.11
185.22, 203.57, 52.52
173.39, 491.18, 2.87
117.77, 162.24, 35.96
452.30, 492.13, 40.71
111.87, 469.40, 38.96
22.28, 260.27, 35.01
197.45, 210.03, 30.63
210.82, 384.67, 13.38
338.37, 412.24, 53.65
70.42, 306.90, 54.06
262.55, 472.79, 49.70
130.85, 379.87, 17.91
167.24, 339.03, 33.75
383.77, 414.58, 30.14
448.50, 448.75, 28.42
93.86, 374.68, 43.24
39.08, 487.24, 58.96
296.96, 332.01, 40.82
240.12, 356.90, 55.36
198.71, 403.39, 2.67
413.60, 483.65, 28.01
187.77, 321.38, 12.35
376.69, 488.40, 14.80
389.89, 407.75, 37.56
116.41, 278.61, 18.32
174.23, 337.72, 37.75
339.84, 363.26, 38.74
344.75, 455.33, 20.38
198.71, 446.83, 59.32
469.16, 497.83, 24.49
96.47, 477.65, 34.19
478.74, 495.60, 25.47
106.25, 110.70, 0.03
376.08, 402.08, 35.26
18.37, 468.79, 1.34
178.30, 254.95, 25.52
205.07, 261.12, 1.82
161.34, 312.77, 14.76
150.41, 282.40, 8.28
120.64, 198.96, 41.93
460.28, 463.08, 56.47
286.37, 464.40, 25.59
249.34, 324.29, 37.89
289.74, 491.88, 27.11
315.21, 494.57, 20.68
234.87, 383.21, 46.54
264.90, 496.00, 12.39
48.10, 190.80, 46.94
67.54, 471.49, 7.30
418.91, 439.53, 36.29
185.28, 270.68, 31.48
373.50, 384.40, 41.51
289.42, 412.41, 44.03
398.66, 453.44, 35.60
418.61, 471.56, 49.27
120.12, 272.31, 32.13
88.37, 472.48, 40.23
399.88, 480.53, 51.29
132.44, 348.98, 46.10
413.60, 431.26, 52.91
255.93, 467.37, 52.42
363.64, 469.61, 34.89
223.30, 249.94, 40.43
39.03, 410.41, 14.92
100.86, 307.19, 29.14
12.73, 13.28, 59.38
337.78, 495.10, 36.75
431.75, 486.83, 41.13
13.73, 137.22, 45.76
168.90, 437.76, 46.81
117.31, 386.04, 34.98
129.76, 227.77, 40.17
59.92, 279.57, 29.85
305.63, 479.00, 50.24
88.58, 299.96, 16.99
297.83, 382.89, 17.08
147.76, 180.50, 47.80
70.42, 75.40, 22.94
371.20, 433.21, 35.96
181.71, 452.35, 9.28
68.70, 253.63, 33.27
261.39, 272.36, 17.97
124.61, 211.63, 24.04
103.00, 249.78, 5.61
456.59, 459.72, 28.07
492.19, 498.90, 51.37
406.28, 422.01, 44.15
352.95, 433.45, 56.91
462.55, 465.80, 56.15
29.85, 102.22, 32.04
362.68, 458.43, 1.33
95.23, 160.94, 35.92
192.74, 433.03, 41.32
39.89, 441.85, 11.39
425.40, 457.57, 19.42
137.03, 301.54, 35.01
205.57, 236.82, 29.25
222.86, 294.84, 15.90
433.77, 488.30, 18.61
177.31, 339.60, 19.44
115.41, 268.38, 44.50
77.09, 140.54, 15.82
356.32, 387.41, 59.54
392.39, 457.05, 24.59
99.58, 387.60, 23.05
271.63, 412.26, 12.93
32.64, 390.52, 49.52
467.45, 497.67, 55.21
355.66, 426.18, 51.17
363.95, 436.11, 20.74
107.61, 189.60, 16.53
434.02, 461.00, 14.73
305.61, 427.70, 30.97
346.72, 371.81, 39.98
79.97, 478.86, 26.64
422.25, 427.69, 22.81
94.16, 480.01, 23.53
258.23, 353.75, 42.76
136.94, 291.06, 50.45
187.81, 423.74, 9.32
177.79, 177.91, 30.05
340.40, 442.49, 8.36
196.92, 264.31, 54.12
22.35, 280.31, 22.72
51.47, 81.31, 41.77
479.22, 480.90, 23.81
331.98, 487.20, 20.77
407.38, 470.19, 21.16
410.00, 463.21, 19.16
411.65, 438.57, 12.41
492.25, 493.26, 57.70
20.40, 233.31, 44.21
290.72, 434.63, 31.12
433.65, 495.02, 3.35
203.76, 397.02, 55.18
453.29, 485.81, 13.58
494.69, 499.94, 34.72
93.45, 215.62, 25.44
161.95, 270.88, 12.34
251.64, 379.83, 0.73
332.85, 423.75, 6.23
104.56, 472.75, 58.20
392.48, 436.08, 15.91
134.95, 413.17, 29.64
494.48, 499.92, 23.89
462.89, 486.26, 23.33
401.35, 408.75, 27.26
6.90, 442.20, 12.82
84.37, 365.48, 53.18
2.35, 34.30, 9.78
485.99, 498.85, 23.57
114.84, 436.38, 28.71
126.09, 153.19, 55.24
373.41, 469.79, 55.47
129.67, 480.53, 48.54
468.28, 482.48, 38.49
77.62, 498.72, 48.89
178.55, 232.48, 38.85
150.49, 178.33, 58.48
375.32, 385.12, 30.64
156.87, 179.40, 27.04
249.82, 465.31, 23.32
27.25, 290.51, 19.19
206.95, 471.93, 51.10
23.41, 486.20, 18.09
301.89, 402.25, 47.81
74.02, 190.53, 19.48
247.90, 421.34, 27.41
113.71, 440.45, 12.87
445.75, 480.91, 6.42
385.07, 440.45, 16.72
244.01, 339.36, 44.76
176.37, 314.39, 47.79
297.04, 486.81, 50.47
222.27, 456.24, 0.28
5.13, 171.51, 22.24
304.59, 350.15, 44.87
163.44, 457.08, 55.89
266.81, 334.25, 8.25
173.25, 389.09, 47.23
12.54, 250.00, 59.19
45.72, 359.13, 29.27
406.89, 470.02, 3.28
14.80, 136.24, 16.25
152.53, 493.90, 54.44
436.34, 463.34, 55.46
483.60, 494.86, 3.04
346.90, 370.07, 20.28
219.81, 396.78, 37.18
150.50, 433.03, 40.10
166.45, 478.55, 50.90
456.77, 496.09, 2.63
342.10, 484.88, 30.43
173.83, 193.83, 9.97
380.99, 476.15, 2.61
123.57, 241.82, 7.63
0.41, 438.33, 57.26
260.83, 301.74, 24.51
459.72, 494.95, 34.39
102.28, 249.45, 28.20
278.36, 302.98, 34.88
268.84, 446.01, 41.41
438.70, 473.91, 48.29
178.81, 449.18, 50.30
186.38, 213.19, 50.02
461.76, 468.26, 49.56
171.54, 441.57, 20.19
155.74, 229.43, 22.62
358.41, 413.41, 16.15
267.65, 436.49, 32.42
182.59, 279.39, 6.32
378.20, 428.36, 49.49
167.12, 301.07, 23.07
225.12, 225.47, 14.97
431.27, 449.43, 53.73
159.02, 201.28, 55.04
55.31, 362.52, 19.70
102.31, 475.86, 57.30
409.39, 435.24, 50.43
212.85, 234.04, 57.03
129.73, 429.69, 20.50
423.26, 468.05, 28.00
243.48, 258.85, 0.78
458.25, 461.65, 58.16
314.65, 456.06, 16.26
385.68, 436.26, 40.54
223.69, 385.85, 41.86
297.48, 350.22, 33.21
111.71, 427.83, 59.84
405.04, 414.61, 5.63
431.47, 485.02, 26.26
233.10, 284.42, 39.96
263.37, 472.96, 7.51
268.67, 308.04, 22.81
387.66, 495.63, 27.05
430.94, 460.27, 32.20
366.21, 399.81, 46.50
134.72, 196.75, 4.36
393.03, 412.10, 30.57
88.61, 143.98, 2.78
231.48, 432.16, 49.34
360.32, 420.83, 14.54
483.08, 497.74, 52.59
219.28, 303.89, 34.94
39.67, 142.14, 25.74
392.97, 460.82, 17.50
168.86, 423.31, 23.44
209.51, 277.45, 50.00
85.80, 267.94, 12.49
210.12, 217.17, 36.83
386.00, 456.72, 17.90
261.27, 450.81, 29.53
162.28, 214.04, 52.11
40.60, 491.10, 19.89
323.37, 420.84, 55.23
76.88, 145.38, 20.16
376.66, 448.08, 40.81
353.02, 492.48, 50.08
53.79, 356.46, 45.25
396.51, 446.81, 39.10
450.47, 498.76, 36.42
344.78, 404.44, 20.19
138.11, 446.11, 5.78
247.64, 313.51, 28.58
296.70, 408.96, 26.91
416.78, 481.68, 9.91
124.88, 137.63, 47.37
15.87, 392.69, 37.22
422.24, 456.06, 50.15
367.60, 417.22, 0.64
117.56, 223.10, 10.72
196.22, 346.03, 56.56
452.50, 494.67, 25.42
291.89, 424.96, 50.75
330.70, 457.34, 52.51
434.64, 477.15, 50.81
324.93, 417.65, 7.47
417.33, 428.04, 44.34
307.53, 464.08, 25.30
218.85, 222.91, 27.97
448.47, 487.23, 43.63
364.09, 473.23, 16.78
220.37, 388.06, 27.02
328.01, 336.08, 30.47
375.45, 383.33, 44.63
62.04, 234.01, 49.97
426.02, 429.12, 25.75
400.46, 437.69, 13.40
283.38, 407.07, 49.75
309.14, 486.78, 20.54
197.85, 459.10, 35.42
229.15, 470.23, 28.45
312.92, 374.91, 36.96
205.89, 210.78, 54.14
306.56, 397.91, 8.05
143.86, 264.43, 21.82
59.33, 400.56, 18.59
450.36, 496.16, 48.86
371.47, 399.36, 18.02
89.75, 383.44, 23.98
264.03, 483.35, 53.28
227.61, 263.36, 21.05
154.09, 158.05, 24.31
261.62, 342.96, 39.69
3.25, 335.45, 14.74
178.50, 306.69, 56.42
216.09, 430.96, 25.95
403.09, 493.79, 56.16
420.70, 475.13, 7.91
181.81, 479.73, 59.84
113.27, 327.19, 16.59
130.31, 335.92, 17.63
300.88, 387.08, 13.31
434.23, 487.20, 6.74
47.69, 121.16, 13.73
389.49, 469.49, 4.41
30.30, 370.07, 10.05
62.62, 114.79, 49.33
149.45, 392.08, 48.18
407.36, 462.71, 44.56
243.17, 304.46, 58.13
252.92, 288.71, 40.74
310.50, 493.90, 29.42
244.50, 379.40, 36.30
198.48, 390.59, 30.80
129.86, 462.52, 50.26
241.89, 387.59, 32.51
310.28, 470.34, 49.30
185.45, 341.88, 37.43
372.20, 414.53, 52.70
176.58, 488.58, 22.13
449.35, 459.83, 42.96
4.26, 405.20, 27.59
297.66, 437.68, 5.09
389.71, 479.29, 39.40
458.54, 474.57, 49.77
318.72, 360.55, 37.04
401.85, 418.62, 53.81
457.96, 488.66, 47.11
144.00, 425.80, 41.97
427.93, 488.27, 46.09
85.76, 254.84, 45.25
430.22, 477.19, 38.94
277.75, 412.41, 49.57
253.76, 393.45, 11.12
56.15, 485.68, 3.18
331.19, 378.31, 28.36
62.76, 444.32, 47.78
91.10, 131.26, 59.75
133.05, 267.47, 25.91
169.80, 234.37, 42.79
466.61, 478.91, 2.18
417.57, 447.48, 30.37
448.91, 487.43, 6.36
374.54, 480.07, 38.66
32.26, 318.24, 9.54
309.64, 390.94, 26.67
273.77, 463.37, 28.23
327.25, 427.22, 43.01
26.09, 429.52, 22.55
262.32, 487.49, 27.69
450.77, 457.93, 41.32
417.55, 480.48, 17.20
32.00, 208.35, 56.54
458.74, 497.03, 44.12
176.27, 246.15, 29.16
289.61, 423.60, 48.42
351.28, 498.99, 6.28
286.93, 499.02, 1.41
109.26, 430.36, 52.04
203.15, 362.61, 4.61
317.45, 318.77, 31.08
150.69, 467.82, 0.42
44.08, 411.48, 58.67
180.58, 305.03, 38.38
385.63, 450.44, 36.22
370.97, 438.37, 16.01
131.11, 364.45, 49.44
362.24, 493.32, 55.59
105.55, 380.47, 48.88
225.21, 481.77, 44.47
379.62, 409.21, 4.54
241.36, 442.20, 14.16
337.86, 480.27, 16.66
421.16, 421.63, 0.26
427.24, 451.05, 39.96
200.89, 311.33, 8.91
322.81, 412.88, 46.94
52.06, 59.84, 12.66
310.37, 414.33, 24.60
23.96, 260.61, 27.75
461.09, 464.69, 34.94
330.36, 437.60, 3.02
220.10, 474.98, 21.53
299.83, 325.87, 15.10
415.75, 458.55, 58.95
146.34, 473.09, 33.31
477.57, 494.80, 6.53
397.15, 497.49, 8.16
394.82, 413.89, 10.56
249.09, 416.07, 6.36
213.71, 392.25, 47.12
426.65, 432.35, 21.41
224.08, 370.01, 18.19
96.19, 340.41, 28.67
487.32, 491.07, 55.09
364.76, 425.71, 45.31
69.09, 283.65, 11.91
169.45, 482.30, 16.29
325.98, 421.46, 55.75
260.37, 311.27, 14.48
416.17, 462.86, 47.89
303.09, 452.11, 34.34
424.31, 483.06, 26.93
196.49, 254.38, 51.31
171.35, 492.18, 40.31
321.70, 412.93, 10.98
483.70, 497.39, 10.98
428.57, 461.98, 0.35
487.09, 496.68, 39.15
34.50, 269.80, 16.22
428.02, 474.74, 32.79
371.46, 478.55, 59.31
175.70, 485.44, 1.73
383.08, 422.88, 46.43
479.89, 491.53, 46.96
356.97, 444.75, 22.10
319.19, 326.14, 16.32
289.16, 334.27, 24.98
331.31, 385.30, 47.33
333.78, 474.98, 19.80
434.75, 475.70, 45.86
499.50, 499.61, 39.72
393.78, 420.87, 21.92
431.56, 450.97, 34.88
305.17, 394.57, 29.89
474.79, 485.28, 28.01
361.63, 493.31, 6.38
61.19, 120.57, 54.49
333.86, 352.98, 12.83
119.33, 412.01, 9.67
73.24, 444.99, 39.19
473.20, 476.59, 58.49
33.51, 485.55, 56.87
398.39, 487.39, 18.85
404.69, 488.73, 31.65
445.77, 485.09, 27.59
7.98, 89.89, 27.29
140.06, 321.62, 55.05
179.68, 395.45, 15.74
24.75, 64.58, 7.51
36.70, 497.86, 28.70
68.85, 400.85, 44.20
330.68, 443.59, 3.10
487.27, 495.31, 54.65
120.96, 303.83, 20.05
367.17, 386.04, 10.31
295.42, 399.40, 38.16
450.68, 489.84, 38.83
101.60, 325.78, 46.64
312.34, 499.47, 28.30
382.87, 470.67, 38.59
299.10, 462.05, 28.90
207.25, 401.84, 37.27
285.59, 487.14, 38.74
93.68, 418.96, 6.19
349.10, 366.74, 36.71
142.61, 162.51, 4.64
199.90, 383.37, 54.94
128.79, 407.94, 21.25
426.56, 445.19, 25.08
76.28, 411.07, 17.06
143.80, 215.15, 3.23
71.03, 140.13, 3.74
276.50, 452.66, 35.43
137.20, 356.95, 59.75
287.79, 368.59, 26.88
473.97, 484.21, 34.17
477.80, 482.18, 20.74
279.31, 413.95, 53.63
350.28, 483.59, 14.41
342.22, 439.44, 17.43
284.74, 326.84, 19.30
123.87, 162.49, 29.99
170.11, 325.47, 22.82
237.98, 246.82, 22.70
67.09, 269.66, 15.10
138.55, 273.97, 8.92
182.36, 305.84, 56.41
497.63, 498.73, 22.53
270.76, 335.38, 0.28
262.86, 460.05, 59.78
344.19, 383.73, 31.84
293.28, 467.01, 4.20
70.77, 476.04, 5.38
339.17, 384.46, 31.77
307.93, 376.39, 10.01
23.26, 381.41, 16.56
138.62, 345.31, 13.02
458.98, 489.10, 32.78
388.12, 415.06, 25.38
266.26, 402.44, 45.34
195.56, 240.50, 0.58
83.38, 312.94, 4.54
119.22, 398.25, 13.41
283.09, 366.86, 0.25
274.12, 347.56, 27.49
47.38, 181.31, 12.33
451.19, 458.12, 6.67
300.93, 310.59, 6.81
359.37, 494.00, 12.87
307.44, 331.35, 17.25
379.42, 482.73, 20.35
63.95, 439.73, 26.10
331.93, 468.52, 19.01
41.46, 67.85, 29.29
56.44, 78.33, 37.66
385.13, 395.29, 15.64
384.75, 436.59, 26.38
460.80, 499.52, 9.22
181.60, 408.57, 55.87
183.10, 377.81, 14.35
335.18, 453.84, 15.84
443.45, 485.97, 57.48
216.10, 427.68, 3.53
239.17, 312.96, 44.92
4.70, 432.48, 3.54
347.96, 366.75, 18.21
220.21, 304.80, 29.53
157.99, 159.45, 56.52
87.60, 365.46, 4.29
117.40, 142.38, 56.53
359.13, 378.33, 14.62
267.04, 321.83, 41.11
181.07, 401.02, 48.91
32.75, 71.12, 17.09
375.04, 392.46, 6.04
438.78, 495.12, 6.43
398.10, 489.31, 51.25
224.91, 231.71, 22.30
71.52, 419.41, 5.84
70.04, 280.75, 58.77
235.36, 469.70, 10.48
305.15, 340.62, 57.94
107.78, 449.81, 33.53
203.18, 206.33, 38.70
117.86, 490.75, 44.29
222.94, 225.51, 44.75
149.10, 404.45, 33.69
22.97, 59.19, 42.84
292.12, 336.93, 18.57
210.59, 307.39, 3.70
170.90, 180.17, 9.22
214.01, 368.09, 14.78
490.01, 497.82, 9.27
424.50, 453.72, 13.35
462.68, 463.21, 10.69
412.79, 471.51, 38.39
34.79, 367.82, 42.07
141.70, 318.09, 47.32
129.22, 458.10, 2.64
238.94, 464.28, 56.46
311.65, 401.82, 45.35
121.68, 415.43, 49.96
135.78, 467.56, 17.29
139.82, 286.70, 47.94
274.09, 338.23, 22.32
492.63, 497.97, 38.42
193.85, 339.19, 16.32
33.08, 286.70, 46.88
408.55, 471.39, 57.63
271.20, 484.79, 49.21
34.96, 418.02, 51.39
481.40, 486.38, 16.13
328.82, 396.20, 44.43
375.85, 489.25, 17.37
368.71, 458.78, 24.00
383.80, 391.87, 39.04
422.21, 481.10, 7.19
242.38, 310.20, 6.40
72.48, 290.37, 55.26
418.01, 430.08, 2.10
219.31, 481.68, 6.12
401.50, 409.71, 37.00
409.42, 457.41, 46.33
218.15, 279.98, 11.86
409.42, 424.96, 18.69
127.78, 483.77, 52.90
321.53, 390.24, 39.99
22.03, 267.97, 59.14
173.16, 231.40, 44.00
19.09, 185.16, 51.71
94.93, 297.72, 24.08
272.84, 281.36, 53.63
254.48, 272.75, 45.44
116.21, 404.47, 19.04
444.01, 497.70, 7.43
408.90, 473.09, 2.05
443.72, 492.45, 37.46
421.86, 458.86, 54.08
311.40, 325.42, 28.83
326.65, 403.15, 13.06
393.75, 491.69, 51.97
428.33, 451.25, 24.49
430.71, 457.88, 29.70
250.66, 459.40, 21.86
440.90, 466.01, 49.96
13.53, 64.18, 39.07
448.71, 465.62, 31.18
495.32, 497.43, 57.81
352.73, 390.95, 54.11
314.51, 366.65, 56.13
154.09, 216.39, 6.08
352.35, 405.46, 48.09
174.46, 274.83, 27.86
437.70, 472.54, 35.63
109.44, 380.56, 6.47
88.95, 107.71, 40.48
95.74, 348.89, 16.61
115.65, 436.86, 33.49
233.50, 490.01, 57.49
290.43, 335.56, 18.55
9.99, 235.15, 16.77
169.47, 267.56, 25.84
130.38, 431.60, 17.95
32.01, 333.17, 12.14
187.95, 368.91, 28.14
386.06, 389.37, 1.62
212.90, 343.78, 58.45
114.17, 359.62, 36.56
237.22, 474.18, 55.36
169.94, 494.64, 51.53
416.50, 462.86, 37.51
345.71, 377.67, 23.32
270.06, 465.66, 33.94
78.95, 347.45, 31.44
51.10, 281.30, 46.51
109.20, 328.29, 55.77
450.83, 473.14, 46.68
102.86, 180.82, 28.47
87.40, 135.00, 43.86
192.89, 492.13, 52.57
345.38, 440.92, 25.85
294.70, 434.46, 7.72
424.56, 447.59, 9.23
123.69, 378.45, 52.36
243.89, 389.50, 27.01
113.96, 401.01, 47.98
436.37, 454.10, 38.28
485.49, 497.29, 2.44
379.42, 489.48, 29.91
91.14, 318.87, 24.36
342.48, 442.23, 8.63
457.09, 461.00, 24.88
213.64, 299.45, 52.18
172.81, 374.63, 26.07
201.77, 435.23, 37.74
54.43, 144.95, 3.01
212.03, 253.84, 11.44
356.84, 472.29, 7.39
74.63, 227.14, 43.11
311.20, 428.10, 1.45
279.95, 365.67, 1.40
477.02, 489.98, 20.08
151.13, 435.67, 45.69
382.14, 481.09, 2.89
281.99, 447.00, 57.63
246.44, 372.46, 5.26
391.67, 496.00, 6.94
303.92, 442.42, 54.57
316.05, 405.36, 18.58
419.10, 442.43, 12.85
477.55, 491.84, 0.22
397.31, 486.13, 27.77
164.16, 499.31, 57.55
178.88, 254.79, 6.82
117.66, 206.53, 47.20
45.41, 485.90, 23.34
92.01, 287.36, 31.15
115.74, 220.89, 4.30
8.71, 167.03, 59.76
332.42, 453.78, 26.39
419.02, 486.21, 19.84
397.87, 480.44, 6.64
495.53, 495.82, 58.22
276.77, 357.79, 23.29
30.56, 485.90, 26.41
499.66, 499.74, 50.63
228.40, 401.77, 26.30
143.70, 373.52, 24.10
254.81, 488.17, 7.69
94.84, 271.27, 17.94
364.59, 419.42, 53.58
71.12, 490.00, 3.59
275.38, 468.19, 5.37
473.78, 478.50, 10.94
110.37, 123.95, 6.07
493.44, 498.32, 43.85
2.18, 477.39, 51.46
94.70, 363.94, 32.99
150.99, 256.06, 35.49
97.42, 278.13, 31.83
72.07, 96.61, 34.02
128.12, 178.34, 21.37
265.02, 445.44, 27.79
294.96, 449.61, 34.70
401.26, 460.17, 38.77
103.70, 451.83, 50.95
170.29, 200.10, 21.80
446.52, 447.15, 46.32
461.42, 474.30, 32.23
19.09, 232.21, 16.72
398.17, 412.93, 58.31
320.09, 389.62, 47.86
201.24, 263.07, 2.04
20.05, 228.66, 53.31
242.79, 424.58, 50.45
19.87, 96.12, 35.78
285.33, 343.91, 20.01
11.25, 365.76, 39.63
82.69, 456.99, 55.86
369.01, 408.81, 0.18
72.53, 163.22, 23.60
307.00, 388.97, 46.75
121.16, 164.50, 41.38
480.77, 498.81, 46.70
5.16, 187.48, 41.40
181.62, 325.85, 17.18
342.48, 448.61, 0.73
2.69, 365.82, 45.18
331.40, 464.46, 58.27
428.31, 432.76, 53.57
230.80, 464.08, 56.03
267.88, 469.62, 18.03
332.53, 372.27, 5.75
286.48, 317.88, 25.08
48.80, 349.01, 23.50
337.87, 448.15, 51.57
476.96, 491.76, 33.40
346.35, 452.91, 49.51
222.48, 441.44, 54.27
171.56, 331.77, 43.47
172.75, 486.70, 46.59
290.67, 332.98, 19.25
129.47, 258.41, 30.69
404.40, 482.27, 49.26
40.89, 456.66, 46.50
82.61, 264.68, 29.24
337.61, 465.69, 48.87
472.41, 486.55, 41.26
380.69, 445.38, 17.90
459.41, 473.03, 55.03
90.24, 235.80, 28.03
65.19, 465.41, 22.86
249.55, 292.22, 0.28
340.85, 410.71, 19.14
85.97, 412.01, 57.41
142.52, 370.72, 31.40
329.00, 416.44, 48.02
12.50, 335.09, 33.74
348.75, 420.47, 1.12
498.70, 498.73, 12.72
498.50, 499.46, 55.24
192.45, 429.01, 37.79
235.97, 442.00, 31.81
109.13, 482.01, 0.47
289.21, 420.90, 50.88
341.29, 403.45, 56.89
381.04, 472.21, 13.63
243.71, 265.97, 43.44
139.65, 281.77, 39.74
324.67, 486.79, 3.78
117.33, 124.76, 5.19
80.78, 493.97, 13.84
124.84, 392.23, 54.94
287.77, 321.03, 7.79
180.58, 440.60, 43.04
306.92, 389.77, 59.87
80.94, 423.72, 37.61
351.05, 495.56, 11.17
236.37, 321.34, 36.41
436.00, 459.33, 35.48
297.42, 427.65, 29.39
486.57, 499.43, 40.69
29.71, 72.55, 33.80
332.74, 440.16, 50.64
198.32, 228.96, 53.20
184.51, 278.91, 12.33
203.70, 353.58, 11.96
174.44, 213.43, 55.18
184.80, 313.98, 48.11
269.07, 440.02, 57.44
83.67, 274.90, 48.06
335.78, 373.30, 59.19
60.49, 459.28, 13.93
472.95, 473.51, 48.35
474.47, 498.58, 25.45
430.65, 472.04, 43.38
212.00, 312.86, 10.90
130.33, 349.25, 31.59
266.96, 450.92, 33.86
495.74, 499.25, 22.24
465.91, 470.81, 50.45
97.14, 488.30, 6.91
401.14, 426.25, 14.53
50.07, 50.11, 33.36
294.60, 393.67, 2.35
258.35, 395.94, 40.08
482.48, 494.87, 50.87
14.82, 42.45, 35.85
292.44, 472.53, 34.13
231.47, 325.38, 47.74
98.62, 138.90, 35.39
227.93, 380.50, 31.08
94.52, 488.31, 28.16
125.83, 179.69, 2.35
132.94, 303.14, 53.51
37.72, 48.12, 28.91
159.47, 265.73, 52.20
466.83, 499.43, 15.40
122.15, 172.27, 34.68
210.21, 305.88, 52.39
88.52, 383.98, 28.96
144.52, 243.78, 26.98
454.83, 497.01, 11.74
133.96, 278.12, 44.18
402.54, 406.24, 20.30
496.23, 497.02, 59.79
457.41, 459.22, 18.94
57.45, 321.80, 47.81
448.94, 452.81, 51.67
382.00, 397.14, 45.85
164.94, 410.92, 9.24
342.86, 366.42, 46.79
360.38, 390.01, 52.55
362.88, 416.06, 3.92
323.25, 455.21, 21.63
470.89, 498.03, 14.82
237.07, 417.94, 38.29
340.92, 398.00, 55.76
419.34, 457.38, 19.06
280.94, 484.96, 40.23
474.59, 474.83, 29.18
270.64, 280.82, 39.41
287.06, 435.43, 47.50
181.05, 453.54, 57.59
409.07, 450.40, 12.24
300.91, 321.13, 7.59
84.83, 131.88, 16.90
311.87, 315.84, 9.91
201.71, 243.32, 41.51
457.17, 483.87, 49.32
192.33, 288.37, 54.59
399.09, 411.58, 34.27
134.30, 361.46, 2.21
222.75, 368.42, 2.93
322.96, 408.46, 11.76
278.85, 488.86, 54.18
237.86, 368.92, 34.65
129.37, 455.19, 18.54
399.03, 453.41, 33.67
330.27, 442.49, 51.74
426.16, 499.57, 3.44
215.31, 225.53, 18.20
486.51, 498.40, 54.17
299.60, 445.04, 42.77
55.83, 479.29, 27.48
461.58, 495.66, 31.71
336.24, 423.35, 5.21
250.31, 272.76, 7.90
85.44, 201.62, 36.60
64.68, 108.19, 56.35
328.44, 471.63, 41.88
123.66, 383.98, 2.91
254.69, 310.98, 10.26
155.92, 389.88, 38.58
367.46, 429.32, 53.79
143.89, 465.81, 41.40
456.28, 480.40, 4.09
326.12, 446.91, 5.91
23.45, 481.78, 43.08
52.49, 54.24, 32.77
221.88, 486.89, 59.74
65.54, 287.36, 46.93
468.28, 483.18, 40.10
406.00, 430.54, 28.93
494.37, 499.08, 3.87
478.26, 486.56, 47.74
1.88, 487.03, 57.06
421.70, 479.52, 42.50
107.87, 419.57, 11.69
380.06, 468.48, 22.92
216.67, 409.04, 10.38
105.43, 263.44, 49.99
147.92, 440.17, 20.81
139.90, 142.46, 49.07
96.24, 416.89, 52.46
146.11, 365.93, 42.76
113.21, 403.87, 11.00
373.58, 416.08, 39.05
95.69, 268.02, 43.35
311.11, 440.73, 19.14
51.03, 384.03, 15.47
349.42, 353.04, 45.21
0.18, 401.69, 42.98
327.10, 393.42, 20.69
88.20, 312.66, 19.27
215.34, 226.23, 9.47
108.72, 322.68, 14.69
480.62, 485.95, 45.76
29.47, 148.38, 50.48
406.43, 447.93, 8.65
39.99, 137.39, 20.52
422.59, 480.12, 3.49
444.98, 453.35, 19.85
342.68, 356.91, 32.92
207.21, 445.14, 58.99
411.51, 447.69, 21.35
419.08, 468.43, 34.35
276.10, 367.45, 45.72
258.58, 392.57, 45.95
479.38, 479.57, 9.39
382.05, 435.81, 20.47
396.62, 463.07, 23.11
30.84, 261.05, 49.18
254.88, 336.62, 54.26
196.65, 451.16, 42.77
56.05, 229.32, 0.74
311.93, 371.20, 17.27
428.17, 450.54, 6.18
421.55, 423.31, 33.28
219.89, 432.73, 6.60
460.42, 461.48, 13.52
91.60, 435.16, 11.96
423.26, 429.82, 17.49
5.57, 14.73, 27.62
178.12, 392.68, 15.35
440.90, 468.03, 57.21
258.71, 259.85, 32.44
417.51, 422.26, 8.21
482.94, 497.52, 50.02
70.93, 259.16, 30.83
0.11, 39.50, 42.61
137.39, 327.67, 29.04
178.79, 290.40, 27.09
350.72, 413.04, 54.95
424.09, 436.91, 9.19
479.81, 499.30, 3.90
369.44, 412.31, 38.40
111.74, 166.11, 13.40
236.95, 426.93, 58.41
372.07, 476.88, 3.08
313.15, 435.64, 6.15
134.37, 286.55, 1.94
258.03, 269.35, 4.45
467.97, 487.58, 1.15
165.14, 426.99, 49.58
166.17, 461.56, 33.13
232.86, 448.67, 32.70
254.66, 301.31, 37.37
404.43, 458.85, 31.15
457.18, 486.23, 59.36
197.99, 262.36, 58.87
262.08, 342.55, 6.88
492.28, 497.78, 12.56
45.79, 309.69, 26.67
69.66, 438.26, 49.63
234.18, 400.88, 10.70
58.87, 497.58, 21.39
280.37, 450.80, 3.02
377.90, 461.96, 20.42
371.68, 478.52, 2.79
165.26, 195.17, 18.96
310.27, 456.90, 33.62
317.79, 332.81, 16.02
5.25, 386.68, 22.18
437.25, 445.68, 30.01
31.10, 317.76, 6.89
40.42, 254.48, 49.49
308.86, 479.74, 48.32
118.41, 418.54, 4.88
218.54, 481.42, 23.82
354.58, 424.86, 5.20
412.49, 455.16, 47.89
338.80, 497.78, 34.72
334.82, 338.38, 54.10
261.60, 300.55, 21.43
23.68, 413.23, 30.99
146.29, 196.70, 10.45
242.53, 341.73, 32.06
495.19, 495.46, 38.32
417.23, 422.82, 25.01
97.74, 485.10, 6.02
310.16, 311.96, 15.47
487.84, 497.59, 46.66
402.37, 442.21, 24.28
456.30, 484.41, 56.70
143.28, 442.20, 0.44
435.96, 444.32, 23.20
126.91, 145.46, 3.46
292.25, 424.87, 12.86
426.47, 470.52, 35.51
385.56, 466.49, 8.21
327.75, 433.48, 53.08
33.97, 374.64, 0.06
109.59, 328.76, 48.03
10.21, 425.26, 30.64
386.82, 462.79, 5.05
265.94, 410.78, 5.89
423.60, 447.73, 25.95
3.36, 269.83, 36.84
302.36, 458.67, 46.53
320.75, 452.95, 24.32
459.29, 466.46, 28.20
256.71, 435.43, 8.24
434.37, 496.13, 10.09
461.87, 482.42, 58.12
294.44, 354.56, 6.74
246.60, 356.15, 3.62
133.96, 349.46, 38.41
204.17, 483.19, 30.03
402.78, 409.78, 53.38
300.41, 386.03, 11.76
115.91, 246.32, 11.57
68.97, 147.85, 43.17
329.77, 499.84, 34.59
164.48, 264.63, 9.94
183.61, 329.87, 15.08
320.61, 456.96, 21.51
369.30, 428.21, 7.31
45.90, 279.68, 53.93
166.08, 213.68, 16.80
481.14, 494.92, 10.90
225.71, 389.95, 18.97
49.65, 141.20, 15.18
176.20, 437.90, 10.82
170.49, 184.04, 51.28
395.60, 499.42, 24.81
183.22, 338.00, 50.77
49.55, 216.57, 56.50
68.54, 124.20, 0.72
253.64, 482.31, 25.61
350.38, 486.00, 41.73
73.47, 383.62, 30.72
46.11, 279.05, 22.00
77.03, 143.95, 19.04
6.21, 425.39, 45.42
365.31, 414.32, 21.50
261.83, 401.64, 12.18
492.63, 493.39, 47.56
395.08, 448.75, 57.57
9.61, 210.66, 41.12
271.75, 348.43, 5.95
81.33, 118.21, 56.29
43.43, 185.51, 49.50
313.47, 496.19, 46.85
448.42, 458.64, 13.26
124.27, 405.12, 23.65
429.50, 446.66, 16.38
289.28, 320.89, 27.44
256.48, 447.75, 1.97
224.69, 269.89, 18.21
1.45, 75.09, 41.89
224.62, 339.75, 3.46
181.57, 399.89, 46.02
290.32, 469.00, 44.55
466.28, 478.09, 55.10
448.18, 498.92, 59.63
359.40, 368.18, 29.90
110.49, 176.15, 51.61
20.75, 333.38, 5.08
151.54, 385.45, 17.26
201.90, 283.56, 9.84
12.34, 135.13, 26.27
447.07, 454.04, 8.98
375.99, 491.33, 5.00
67.34, 165.37, 22.57
330.45, 343.72, 5.69
244.09, 430.99, 59.02
23.55, 307.87, 35.82
271.28, 427.90, 22.09
174.35, 412.87, 51.17
217.14, 242.66, 44.23
2.08, 461.63, 28.65
485.14, 488.92, 55.20
228.29, 359.61, 16.86
197.27, 382.93, 32.41
363.31, 447.69, 2.50
319.41, 365.99, 36.35
67.60, 396.78, 56.47
312.52, 351.65, 8.01
43.49, 169.77, 21.37
138.29, 218.91, 12.41
225.94, 398.44, 20.93
482.68, 494.79, 31.54
66.04, 85.56, 38.09
402.71, 421.95, 38.12
498.09, 499.70, 10.30
59.59, 215.19, 16.08
315.41, 471.57, 55.00
88.32, 343.13, 12.63
212.20, 237.03, 52.94
284.94, 395.93, 26.64
241.48, 249.30, 29.94
475.91, 498.65, 38.00
456.42, 478.05, 35.17
487.14, 497.43, 57.84
104.30, 414.27, 5.31
360.39, 468.16, 30.07
493.84, 494.08, 14.40
189.43, 442.29, 15.68
117.97, 170.10, 8.62
475.94, 492.01, 42.43
350.26, 480.20, 59.03
51.03, 450.11, 58.92
103.43, 470.34, 22.45
183.55, 314.17, 34.16
309.35, 350.02, 48.06
313.09, 458.58, 45.72
9.41, 273.68, 52.07
218.45, 470.06, 1.85
299.25, 490.62, 13.73
171.36, 433.51, 41.25
410.93, 482.54, 48.78
43.58, 206.75, 46.56
405.18, 443.47, 20.15
247.72, 340.94, 31.72
344.57, 476.42, 17.18
106.83, 202.65, 36.44
492.45, 495.91, 41.11
81.91, 269.26, 20.65
90.29, 206.87, 4.30
48.10, 190.82, 55.51
174.18, 388.15, 30.21
315.94, 461.09, 32.86
258.71, 394.31, 59.00
153.65, 261.31, 39.29
108.17, 217.12, 46.44
492.46, 496.46, 1.90
293.45, 464.20, 39.51
104.33, 430.69, 27.88
357.08, 365.01, 28.28
139.50, 163.63, 26.43
248.04, 282.32, 17.35
314.63, 435.78, 37.14
296.58, 418.90, 39.48
63.16, 351.10, 11.33
446.36, 466.24, 15.82
409.41, 437.24, 18.58
305.84, 333.08, 39.71
20.11, 394.82, 19.06
386.49, 464.32, 10.97
135.18, 469.85, 48.56
224.39, 401.49, 3.00
191.90, 390.60, 46.87
496.96, 499.54, 13.44
252.98, 316.06, 17.50
310.08, 490.69, 37.42
132.89, 460.17, 15.63
104.95, 227.05, 19.12
209.34, 232.88, 39.63
182.44, 498.90, 8.77
113.71, 462.19, 5.67
225.82, 315.43, 6.78
132.62, 330.87, 13.99
485.64, 495.62, 1.67
32.11, 364.25, 25.56
33.16, 50.20, 10.81
451.31, 491.59, 37.20
255.62, 406.86, 41.07
313.00, 495.09, 9.13
119.10, 407.06, 27.29
181.37, 449.66, 38.81
225.75, 236.68, 47.30
469.66, 499.59, 46.65
403.87, 442.79, 21.33
179.34, 192.05, 39.56
55.18, 247.28, 7.76
248.04, 294.41, 45.53
304.16, 376.47, 33.93
408.11, 427.84, 3.57
214.68, 223.96, 18.51
25.79, 85.63, 26.40
19.75, 335.22, 56.49
12.33, 218.43, 24.64
13.76, 283.39, 58.72
388.21, 434.72, 10.05
47.55, 358.94, 31.00
250.25, 441.04, 57.69
4.04, 321.87, 51.16
52.64, 288.99, 40.85
282.66, 405.43, 4.18
78.77, 183.37, 55.70
242.79, 283.49, 11.93
63.55, 69.63, 22.40
315.64, 345.32, 13.54
438.93, 466.90, 22.87
151.28, 472.89, 2.46
429.93, 433.51, 30.89
285.45, 474.35, 33.59
38.18, 143.28, 4.59
452.31, 497.49, 46.95
126.85, 429.13, 1.88
397.55, 440.96, 40.26
176.82, 196.71, 4.99
421.00, 485.52, 28.33
133.38, 354.00, 56.12
466.20, 480.01, 41.76
415.16, 458.07, 32.39
433.59, 451.15, 25.95
428.27, 448.19, 59.95
90.79, 167.52, 13.85
128.32, 200.30, 23.63
48.48, 303.38, 28.05
115.62, 442.89, 46.12
325.11, 448.72, 7.80
245.81, 445.15, 27.64
103.82, 428.97, 22.20
102.44, 423.78, 30.31
449.32, 487.32, 8.98
222.27, 364.40, 38.99
66.03, 391.28, 56.66
499.51, 499.55, 9.35
203.73, 325.00, 54.49
36.77, 298.92, 42.05
113.76, 133.80, 16.13
168.11, 205.75, 56.48
93.97, 147.37, 7.60
267.22, 271.85, 16.33
191.52, 489.69, 24.62
83.94, 131.70, 39.43
126.76, 192.64, 37.44
36.73, 280.87, 43.69
17.47, 64.86, 18.82
440.26, 485.22, 16.88
85.67, 433.06, 1.86
379.16, 439.91, 27.95
279.63, 305.02, 5.10
162.30, 322.09, 58.98
206.40, 285.34, 41.69
320.29, 322.56, 7.69
4.87, 207.99, 23.01
254.62, 447.43, 7.43
360.82, 395.34, 44.51
221.76, 245.04, 32.64
335.41, 387.61, 8.79
153.26, 335.15, 20.95
109.09, 400.84, 45.93
184.58, 392.16, 44.48
196.55, 493.63, 21.62
4.87, 277.07, 21.57
229.44, 397.53, 6.79
59.05, 459.82, 52.60
90.66, 278.66, 6.11
44.18, 434.62, 27.45
84.81, 206.24, 14.05
358.15, 377.30, 25.42
1.30, 96.94, 33.78
492.23, 496.59, 27.90
435.73, 483.24, 3.80
120.76, 483.18, 27.94
142.37, 271.74, 17.01
146.89, 406.33, 6.08
58.93, 351.72, 54.33
22.49, 33.09, 26.09
35.95, 180.94, 18.32
87.56, 312.50, 25.23
281.01, 317.11, 47.43
279.96, 492.53, 8.61
154.04, 351.57, 28.22
166.16, 397.27, 23.75
286.46, 449.59, 46.10
146.09, 429.96, 26.92
107.81, 337.97, 34.81
205.97, 377.90, 15.14
309.43, 334.13, 6.70
43.28, 274.15, 23.84
119.31, 415.28, 38.03
80.48, 183.26, 38.01
68.82, 216.56, 53.81
130.77, 493.19, 11.45
259.64, 493.62, 52.06
93.92, 256.35, 12.11
55.80, 75.96, 55.69
353.77, 375.18, 49.12
188.13, 455.98, 48.54
335.44, 455.75, 45.87
33.22, 182.80, 28.75
270.76, 348.28, 41.97
377.00, 438.33, 4.15
428.85, 482.27, 31.05
356.40, 448.45, 48.91
206.02, 434.34, 10.63
55.44, 299.04, 5.41
349.60, 391.09, 30.17
474.43, 493.29, 58.14
24.19, 162.67, 12.79
358.21, 391.85, 33.93
231.24, 490.17, 52.38
221.76, 423.20, 44.20
73.90, 88.11, 7.23
412.30, 475.94, 45.19
332.82, 480.24, 3.33
258.96, 338.01, 21.78
97.03, 257.16, 40.91
346.78, 487.45, 24.05
89.34, 328.62, 24.66
272.42, 401.55, 53.12
150.87, 451.59, 29.85
459.64, 473.31, 30.01
417.17, 470.46, 28.78
292.09, 441.60, 36.22
339.66, 495.69, 54.22
26.32, 99.45, 35.45
196.13, 241.66, 24.60
236.87, 479.32, 38.84
402.66, 421.81, 18.50
484.34, 499.11, 49.88
100.24, 134.89, 39.69
46.91, 162.77, 6.34
455.67, 492.87, 17.20
477.98, 484.57, 33.41
199.00, 230.52, 34.68
12.09, 329.30, 41.53
432.49, 484.86, 16.71
498.02, 499.75, 32.47
1.02, 317.60, 55.35
156.30, 310.67, 24.57
23.59, 115.41, 14.14
100.30, 470.44, 41.04
361.90, 474.19, 58.21
286.68, 498.55, 11.24
158.82, 181.90, 3.47
438.06, 439.75, 20.36
428.28, 442.33, 15.00
67.19, 89.52, 57.45
330.71, 432.79, 9.85
91.75, 473.04, 0.33
39.84, 370.58, 31.93
226.26, 350.20, 8.31
305.64, 370.66, 2.67
431.44, 452.04, 35.78
261.36, 471.73, 9.14
257.27, 440.63, 59.82
19.56, 83.21, 7.83
495.54, 496.79, 0.60
466.15, 487.18, 16.07
221.73, 306.53, 51.26
205.11, 445.03, 50.10
120.73, 353.27, 12.93
143.62, 444.06, 8.36
14.37, 265.43, 36.47
47.03, 311.21, 6.00
307.09, 370.15, 34.58
351.92, 363.49, 1.91
199.59, 420.71, 32.15
412.87, 415.19, 17.87
52.95, 314.71, 37.70
488.27, 491.06, 49.69
278.30, 390.59, 51.23
455.67, 494.13, 49.88
143.99, 442.55, 1.90
298.26, 486.30, 56.92
495.16, 498.09, 59.51
135.69, 213.38, 16.36
130.62, 437.21, 54.96
296.62, 361.66, 40.39
44.97, 355.17, 3.66
457.82, 479.10, 23.33
478.36, 490.71, 20.12
20.77, 482.48, 27.27
288.02, 464.65, 28.71
471.83, 496.89, 53.68
125.40, 450.80, 3.31
289.19, 426.77, 19.31
333.40, 497.89, 13.17
332.06, 372.48, 16.71
431.79, 466.48, 23.20
386.79, 462.37, 57.93
100.10, 262.87, 39.85
463.65, 482.98, 32.63
254.43, 420.51, 17.36
348.77, 416.98, 35.72
214.85, 265.95, 30.64
132.11, 425.15, 12.63
132.76, 397.52, 27.58
264.93, 301.86, 10.27
356.26, 359.79, 43.15
462.94, 477.20, 25.16
318.81, 472.55, 37.49
276.50, 286.59, 5.61
404.72, 430.79, 57.61
208.46, 423.39, 29.10
136.59, 442.18, 45.64
187.15, 246.37, 57.13
7.25, 180.83, 31.86
308.56, 384.31, 44.30
404.89, 442.41, 27.10
360.15, 425.88, 25.52
416.81, 468.50, 12.88
42.22, 256.91, 0.28
407.85, 423.60, 6.76
323.47, 379.68, 55.36
215.35, 475.16, 2.63
316.78, 366.70, 33.61
147.89, 202.54, 17.42
254.94, 299.27, 3.92
280.10, 413.61, 26.66
391.70, 430.69, 54.65
365.23, 420.97, 45.82
268.96, 308.98, 35.97
102.33, 339.44, 43.39
83.91, 361.70, 14.18
58.15, 432.07, 39.72
176.98, 465.43, 49.98
318.08, 495.20, 22.23
251.32, 496.69, 50.73
489.03, 489.32, 19.18
143.44, 449.69, 11.62
60.09, 410.98, 8.77
101.63, 295.48, 29.02
409.68, 475.23, 5.10
409.10, 458.73, 59.91
490.54, 497.83, 25.05
123.16, 313.30, 50.30
491.07, 492.90, 48.25
3.57, 244.26, 1.79
123.62, 190.59, 43.00
184.65, 286.10, 5.07
191.40, 465.24, 11.78
119.16, 269.37, 0.80
297.81, 485.81, 59.41
100.88, 158.57, 49.04
47.07, 266.00, 50.49
67.45, 420.74, 35.28
406.60, 411.40, 30.24
210.97, 213.92, 12.60
120.84, 188.51, 59.83
491.00, 493.00, 51.96
247.66, 364.52, 52.60
266.27, 461.19, 44.81
91.63, 487.38, 57.89
251.67, 265.09, 10.34
99.41, 258.23, 12.52
174.66, 278.24, 22.22
220.27, 428.06, 13.43
167.68, 394.38, 3.72
384.53, 417.74, 46.50
398.21, 494.15, 23.32
175.59, 239.50, 3.04
21.04, 371.75, 12.22
29.73, 261.77, 15.13
50.98, 387.69, 59.27
455.35, 463.77, 50.69
7.49, 382.67, 13.77
381.31, 461.34, 56.77
494.08, 494.99, 41.31
386.01, 455.51, 52.62
50.63, 387.74, 8.27
285.55, 325.31, 59.51
474.29, 486.61, 35.83
436.35, 460.65, 40.85
152.20, 281.61, 20.99
193.70, 292.55, 59.46
103.88, 286.37, 47.30
328.55, 442.22, 48.38
200.35, 356.93, 0.47
400.69, 476.71, 3.59
228.03, 339.85, 40.14
181.81, 456.42, 9.10
407.90, 413.70, 36.78
276.97, 290.35, 45.14
476.65, 483.36, 39.75
172.41, 354.72, 35.73
302.12, 352.98, 35.60
102.91, 296.77, 49.77
47.78, 211.82, 3.57
444.75, 494.04, 8.79
438.44, 491.59, 53.89
365.23, 387.44, 20.59
19.38, 372.21, 22.78
257.76, 400.47, 19.70
259.44, 345.28, 12.71
124.42, 389.76, 0.22
236.18, 334.71, 5.07
101.17, 147.03, 1.26
271.31, 327.32, 52.74
313.27, 372.49, 17.89
68.65, 478.49, 59.39
265.63, 298.31, 28.48
459.55, 497.89, 8.28
74.94, 344.05, 19.85
90.90, 147.33, 13.09
101.49, 442.89, 43.05
115.85, 197.76, 45.23
0.85, 86.63, 51.09
474.47, 490.50, 2.14
450.39, 463.84, 4.41
497.94, 499.03, 38.75
377.21, 466.56, 26.63
144.69, 345.42, 25.10
484.02, 484.66, 0.69
494.28, 497.26, 36.13
299.54, 411.51, 20.33
496.83, 498.81, 41.37
434.60, 497.63, 2.53
215.57, 431.88, 40.64
265.08, 431.43, 49.54
218.30, 348.08, 4.47
451.19, 486.66, 52.98
184.93, 188.83, 21.84
101.84, 223.43, 43.51
14.66, 360.59, 30.87
66.45, 486.03, 36.57
48.43, 203.72, 8.08
344.07, 373.30, 53.91
285.52, 357.94, 34.99
8.19, 150.18, 0.71
478.21, 479.94, 26.74
413.24, 472.95, 15.39
47.44, 246.71, 51.13
339.79, 385.49, 52.47
189.64, 211.97, 47.92
214.33, 481.69, 14.36
151.08, 272.52, 32.78
164.28, 230.70, 23.98
244.87, 311.07, 57.06
6.27, 255.77, 14.26
88.93, 145.90, 50.02
376.34, 410.40, 29.42
64.07, 486.79, 52.31
156.33, 419.86, 55.15
440.81, 461.08, 35.73
196.28, 331.57, 6.93
316.90, 490.47, 32.12
137.52, 418.82, 56.09
253.90, 263.02, 0.97
470.82, 482.05, 28.34
115.45, 336.14, 8.75
378.75, 384.70, 58.10
404.34, 409.44, 50.51
474.82, 489.55, 10.03
180.94, 256.41, 53.26
326.70, 338.02, 36.13
236.96, 371.37, 38.74
198.25, 350.20, 7.91
405.99, 437.54, 47.71
329.13, 473.27, 57.94
30.40, 220.08, 56.98
353.04, 411.81, 29.80
484.05, 498.08, 50.09
198.66, 329.12, 38.10
84.14, 272.21, 32.52
83.91, 476.85, 8.10
28.43, 97.95, 47.67
66.88, 354.84, 45.26
474.56, 498.51, 50.15
117.74, 193.02, 6.13
352.12, 408.85, 4.35
387.57, 388.41, 50.78
276.80, 447.67, 36.75
335.76, 343.88, 41.15
330.79, 499.28, 57.71
198.86, 460.25, 16.84
299.36, 378.74, 59.64
3.02, 362.69, 17.03
20.69, 126.99, 31.24
3.66, 95.88, 52.19
128.16, 496.08, 59.23
139.36, 290.96, 50.12
453.31, 487.77, 37.60
377.38, 458.34, 33.60
27.18, 198.86, 26.64
266.50, 432.72, 0.87
278.42, 317.01, 18.25
162.71, 316.93, 41.22
492.29, 492.62, 46.88
15.31, 390.17, 54.90
178.14, 179.97, 55.37
360.76, 463.48, 45.93
5.39, 62.25, 18.33
327.97, 335.72, 26.18
222.80, 442.47, 21.45
77.64, 437.77, 16.76
285.55, 305.92, 28.91
239.11, 348.75, 5.72
91.49, 185.76, 42.37
136.37, 335.34, 26.63
84.11, 304.93, 59.87
470.55, 486.80, 28.87
328.59, 498.24, 39.39
212.94, 218.34, 24.35
320.63, 421.66, 57.54
323.66, 389.51, 4.16
58.18, 410.99, 5.90
106.27, 174.22, 51.26
106.43, 168.61, 3.85
104.34, 272.10, 37.07
328.67, 458.09, 4.36
1.39, 458.85, 30.32
452.97, 463.91, 6.19
64.15, 97.54, 51.66
8.76, 168.41, 39.22
335.08, 474.79, 26.07
211.20, 324.89, 37.21
92.73, 198.03, 43.31
407.42, 499.54, 51.25
123.42, 179.80, 43.42
39.80, 271.25, 5.20
145.45, 415.07, 45.57
39.09, 66.26, 9.17
360.70, 373.18, 23.37
448.15, 489.36, 25.73
140.86, 401.93, 4.36
206.52, 351.82, 43.88
348.87, 485.68, 3.98
211.62, 430.51, 15.04
312.11, 391.51, 22.61
322.57, 395.24, 1.25
67.22, 269.10, 24.42
205.73, 356.15, 35.97
246.96, 466.38, 28.43
143.39, 148.03, 38.82
441.28, 472.77, 40.54
456.14, 494.19, 36.96
100.67, 273.76, 49.95
334.56, 433.61, 22.19
120.59, 491.74, 29.82
451.32, 492.41, 54.71
215.93, 216.52, 29.99
41.95, 267.21, 6.71
124.70, 408.77, 14.00
14.80, 401.93, 1.26
134.68, 414.73, 3.67
389.64, 437.97, 40.01
466.58, 468.97, 57.41
283.93, 484.85, 45.93
235.59, 310.25, 52.01
76.10, 245.62, 11.11
113.01, 294.04, 29.22
91.77, 241.99, 52.96
482.12, 497.39, 14.81
491.21, 493.24, 1.63
391.34, 421.21, 27.64
299.46, 409.48, 45.24
15.23, 429.39, 55.73
25.44, 118.61, 4.81
201.68, 262.72, 54.23
375.39, 389.83, 35.00
75.21, 103.84, 22.88
493.50, 498.72, 7.91
144.44, 308.90, 16.49
268.47, 281.78, 51.85
486.94, 495.47, 17.91
343.78, 487.52, 23.66
422.07, 438.65, 26.81
372.19, 409.93, 28.96
193.00, 445.41, 56.85
76.25, 350.76, 46.29
124.53, 401.90, 35.85
126.32, 294.38, 17.98
69.12, 422.50, 35.63
39.84, 456.47, 57.91
258.25, 293.62, 28.65
53.32, 498.73, 33.24
6.12, 158.88, 43.70
31.85, 130.83, 0.78
127.20, 481.66, 1.38
275.99, 396.50, 55.91
492.81, 498.18, 18.53
370.78, 451.05, 21.03
426.28, 455.23, 47.02
313.62, 387.33, 38.79
184.35, 452.69, 44.42
364.88, 404.12, 59.62
155.66, 439.96, 7.97
203.27, 281.27, 22.30
190.22, 420.24, 48.56
347.91, 444.67, 56.03
216.03, 222.01, 43.86
243.06, 273.50, 22.29
66.41, 446.62, 17.53
204.25, 370.03, 20.33
293.73, 444.60, 12.54
404.55, 416.65, 40.28
245.99, 328.87, 27.31
55.10, 370.44, 39.30
395.43, 432.83, 32.45
210.72, 426.14, 36.87
392.54, 450.39, 10.08
27.79, 135.86, 12.24
141.42, 164.44, 4.51
126.94, 407.52, 38.78
410.86, 423.90, 50.70
279.73, 280.12, 21.95
177.30, 236.68, 41.57
261.24, 362.49, 40.30
99.23, 472.02, 56.19
199.42, 443.27, 56.67
312.95, 361.52, 3.65
421.16, 465.73, 49.59
177.76, 346.02, 11.27
455.90, 474.51, 48.59
248.65, 389.82, 27.07
323.88, 433.80, 0.70
176.82, 483.92, 23.05
318.70, 324.98, 24.41
497.33, 498.48, 5.48
6.61, 305.27, 1.72
420.59, 469.26, 48.00
420.35, 427.18, 13.72
362.50, 401.16, 31.10
233.95, 234.20, 39.75
89.30, 409.44, 4.44
382.93, 484.10, 50.84
81.33, 343.17, 54.16
449.28, 472.45, 33.42
95.31, 180.27, 43.48
480.88, 498.24, 35.53
492.08, 499.50, 48.69
66.85, 238.01, 13.38
256.78, 496.85, 1.74
261.80, 418.09, 28.51
335.17, 454.01, 22.87
151.80, 259.54, 1.61
3.69, 80.76, 28.76
297.13, 361.60, 27.19
47.73, 330.27, 21.91
284.46, 489.96, 29.98
100.44, 204.60, 32.46
484.53, 491.25, 37.23
160.39, 475.67, 1.73
156.32, 204.65, 48.82
119.39, 265.60, 55.56
73.98, 115.46, 25.76
156.18, 248.53, 21.51
194.19, 308.59, 46.09
149.86, 416.93, 6.23
339.35, 386.54, 31.61
400.56, 493.28, 33.17
259.67, 265.67, 7.67
476.71, 490.53, 16.06
67.35, 217.84, 18.44
2.27, 284.82, 16.06
220.50, 298.38, 39.63
213.08, 244.63, 28.36
285.76, 484.25, 46.17
214.18, 400.83, 34.80
441.13, 474.53, 42.80
121.68, 323.44, 10.16
402.71, 458.98, 46.47
233.39, 385.78, 8.58
488.80, 496.72, 40.58
108.86, 491.95, 50.80
179.05, 267.30, 17.90
10.35, 319.69, 29.85
102.60, 285.97, 10.33
125.84, 472.99, 0.28
205.69, 476.95, 46.37
426.08, 491.08, 0.72
221.96, 428.04, 19.20
461.74, 474.71, 10.69
307.44, 366.99, 6.37
446.78, 449.10, 25.03
121.48, 187.26, 54.83
162.34, 167.47, 13.54
45.72, 260.61, 28.86
115.53, 293.69, 24.34
449.35, 461.85, 51.71
59.40, 192.44, 36.38
241.66, 481.67, 31.24
490.25, 493.50, 15.90
215.70, 429.50, 43.73
144.60, 399.51, 51.62
191.66, 424.73, 55.12
387.23, 400.71, 0.70
28.24, 381.22, 43.52
272.58, 411.13, 0.91
497.12, 499.97, 7.43
39.80, 260.27, 59.82
121.65, 408.61, 59.32
427.52, 458.82, 7.97
180.32, 279.80, 10.65
31.34, 284.59, 27.08
477.89, 487.25, 29.91
37.49, 376.56, 43.10
8.41, 235.61, 17.62
112.17, 451.65, 56.27
84.23, 220.95, 28.20
71.14, 264.56, 12.58
197.20, 322.14, 16.61
259.50, 263.05, 10.91
125.87, 209.89, 34.25
400.81, 461.18, 15.94
416.59, 474.58, 22.36
89.92, 437.78, 14.81
159.79, 280.88, 48.19
166.83, 168.18, 4.28
269.92, 478.42, 38.60
484.01, 496.04, 31.45
67.23, 121.08, 23.70
126.99, 495.74, 22.76
168.58, 444.54, 27.67
31.89, 402.08, 30.42
331.19, 465.88, 32.81
225.90, 479.54, 30.46
274.09, 313.61, 13.04
159.79, 442.88, 48.89
435.90, 467.15, 22.40
368.28, 424.20, 0.61
429.44, 452.98, 50.08
46.34, 465.82, 26.41
435.58, 442.80, 53.27
130.86, 480.52, 14.37
251.59, 308.56, 10.97
188.57, 430.69, 41.00
488.60, 495.06, 22.20
397.09, 486.82, 31.35
306.91, 427.72, 59.21
226.45, 414.32, 44.80
404.69, 482.26, 57.84
149.02, 365.97, 9.87
41.52, 463.97, 19.39
385.72, 471.97, 27.28
1.45, 62.34, 50.81
400.92, 492.11, 0.17
388.50, 486.96, 17.88
148.32, 409.10, 4.23
317.53, 346.63, 48.87
8.68, 424.11, 43.69
223.52, 302.38, 0.06
9.54, 204.57, 40.60
478.93, 482.53, 37.58
339.82, 443.86, 41.54
91.16, 470.69, 19.67
431.64, 473.82, 5.34
265.62, 489.54, 57.24
37.86, 67.38, 25.22
373.59, 373.76, 45.89
353.05, 390.79, 46.35
175.25, 453.18, 16.64
366.27, 380.89, 32.82
323.36, 369.27, 43.97
362.62, 495.46, 43.66
30.69, 261.34, 34.28
365.38, 369.08, 23.74
132.51, 495.14, 34.70
398.30, 487.12, 49.04
428.53, 460.02, 7.64
307.60, 389.51, 55.17
459.65, 467.91, 48.63
79.59, 271.94, 29.99
75.03, 329.93, 21.23
184.55, 256.70, 13.23
86.72, 132.09, 40.58
33.17, 256.59, 26.48
307.06, 390.73, 53.92
210.96, 364.33, 22.17
127.84, 200.35, 39.96
321.05, 370.95, 58.32
344.07, 474.75, 56.23
79.42, 475.09, 44.58
461.56, 462.71, 2.72
330.67, 384.56, 51.43
68.51, 427.51, 58.24
450.68, 476.22, 35.76
308.62, 341.30, 0.35
236.21, 310.53, 21.17
381.69, 476.15, 58.70
413.40, 490.09, 5.41
127.25, 187.82, 31.73
390.70, 456.43, 0.68
431.26, 465.17, 15.97
398.25, 461.68, 29.79
247.58, 274.82, 33.34
258.00, 437.00, 12.55
258.00, 388.84, 51.40
280.36, 396.11, 47.32
417.22, 480.87, 33.48
244.38, 263.51, 51.77
158.36, 374.30, 45.82
154.67, 441.63, 21.01
179.89, 394.23, 6.20
38.68, 377.82, 18.29
309.52, 338.33, 59.77
18.43, 494.56, 0.61
258.90, 300.11, 30.42
320.87, 360.71, 47.06
454.22, 474.37, 37.99
345.47, 361.29, 7.64
367.41, 497.86, 10.01
447.87, 456.83, 33.96
191.90, 323.37, 48.96
286.14, 413.84, 56.62
117.21, 152.08, 40.39
476.59, 478.68, 5.43
173.33, 445.50, 59.93
478.03, 483.15, 55.32
448.26, 476.51, 17.22
133.00, 283.72, 10.26
245.19, 419.03, 18.25
200.98, 215.72, 17.44
250.30, 279.56, 52.98
87.07, 388.50, 41.36
341.96, 392.81, 19.49
361.57, 407.61, 30.65
98.96, 197.82, 56.77
142.55, 332.86, 45.89
171.54, 396.62, 13.02
40.73, 135.38, 53.20
277.92, 342.81, 43.34
201.32, 286.49, 51.64
491.99, 492.05, 25.68
89.54, 471.31, 2.23
9.02, 265.41, 6.60
111.42, 198.26, 47.98
25.51, 364.33, 54.19
7.00, 258.44, 26.84
62.38, 425.24, 23.52
258.43, 422.29, 9.44
307.52, 442.98, 6.83
84.58, 377.30, 49.15
168.10, 378.70, 23.81
9.06, 150.63, 59.94
16.69, 375.07, 45.16
51.55, 64.18, 26.35
401.81, 495.19, 11.28
367.06, 492.18, 26.00
83.74, 159.62, 26.29
205.89, 453.18, 16.99
465.53, 468.00, 52.17
450.03, 489.30, 56.86
125.05, 403.76, 16.32
264.78, 293.07, 4.55
36.03, 432.91, 36.43
147.14, 204.57, 59.75
498.55, 499.34, 35.68
419.19, 419.93, 1.40
102.47, 132.60, 27.24
66.93, 409.64, 48.42
28.55, 90.81, 46.93
327.02, 453.58, 26.38
465.01, 493.16, 4.66
134.21, 157.44, 52.97
196.36, 413.48, 25.55
29.07, 486.78, 59.04
316.57, 370.76, 58.91
446.13, 488.30, 9.26
343.50, 392.86, 44.61
22.20, 170.82, 43.62
79.52, 222.52, 18.87
246.15, 295.55, 15.89
184.73, 206.18, 33.59
474.10, 495.15, 46.12
418.97, 464.57, 51.54
125.68, 370.02, 56.90
177.22, 299.82, 42.31
314.02, 379.84, 37.19
104.74, 351.00, 17.98
312.56, 455.41, 58.39
43.32, 120.13, 10.34
183.98, 434.57, 4.45
143.99, 427.42, 21.45
155.89, 274.84, 37.09
493.32, 499.33, 52.72
484.53, 493.35, 46.90
355.97, 485.36, 53.27
166.48, 191.90, 9.07
445.36, 480.55, 22.41
499.69, 499.95, 14.92
311.23, 316.36, 32.10
222.40, 255.37, 16.70
289.33, 472.42, 20.27
335.41, 446.76, 28.72
306.94, 323.34, 2.23
298.81, 424.65, 1.95
491.56, 493.12, 13.13
155.78, 366.25, 58.52
300.13, 410.76, 46.57
331.72, 403.93, 4.19
87.08, 402.34, 50.54
451.61, 491.11, 19.54
470.87, 485.16, 39.84
74.91, 404.79, 50.60
356.73, 450.98, 20.83
325.40, 379.23, 4.87
337.17, 372.26, 57.71
59.24, 255.52, 37.38
235.36, 426.01, 17.23
27.51, 311.16, 9.45
93.60, 358.53, 7.44
14.08, 60.54, 49.74
248.70, 339.39, 14.47
227.58, 485.75, 28.22
95.34, 418.75, 15.69
359.84, 385.68, 38.93
25.13, 428.51, 46.64
255.62, 445.27, 1.50
159.63, 261.23, 19.05
131.29, 243.10, 24.42
179.78, 303.88, 6.89
297.30, 375.30, 10.96
106.43, 328.16, 33.07
440.89, 457.03, 39.22
117.33, 372.06, 19.57
277.67, 393.30, 18.95
210.36, 338.88, 25.18
341.46, 475.11, 26.67
50.78, 107.31, 25.49
417.78, 492.60, 34.67
485.49, 498.43, 27.39
197.78, 299.10, 46.68
283.00, 423.62, 10.83
198.40, 305.95, 0.05
475.05, 489.99, 14.16
426.24, 432.38, 39.59
47.50, 445.29, 0.46
215.52, 351.82, 38.60
467.99, 470.26, 1.25
212.03, 212.82, 45.76
456.13, 496.63, 46.15
161.66, 398.46, 0.30
314.04, 335.14, 11.01
63.34, 125.16, 9.05
349.67, 441.64, 50.43
417.65, 464.54, 25.70
259.42, 305.62, 59.89
311.79, 415.83, 2.27
98.83, 128.39, 16.63
489.07, 489.32, 42.25
474.78, 490.91, 53.70
418.42, 445.57, 2.78
152.42, 437.76, 25.74
271.84, 422.30, 36.14
197.45, 251.35, 46.25
194.92, 246.59, 56.29
379.13, 387.87, 50.75
381.25, 458.18, 32.68
160.02, 405.63, 27.04
299.16, 348.16, 17.05
0.43, 266.05, 49.09
28.79, 186.65, 8.31
226.51, 482.83, 53.57
114.47, 434.51, 2.55
161.09, 276.26, 23.76
181.42, 235.28, 47.47
408.84, 455.72, 13.96
372.25, 427.67, 30.78
434.19, 461.76, 13.78
487.12, 487.37, 7.36
184.82, 386.18, 15.44
126.85, 432.09, 38.33
307.66, 486.37, 4.65
201.67, 348.20, 23.79
289.86, 419.10, 24.38
442.64, 486.02, 7.21
449.10, 451.81, 19.37
100.71, 231.96, 41.19
404.14, 415.35, 53.44
402.22, 486.10, 18.84
295.83, 466.02, 20.64
111.51, 305.45, 59.90
407.21, 410.62, 1.51
295.30, 358.75, 23.01
266.96, 330.36, 4.94
148.79, 167.34, 3.97
121.77, 271.83, 22.12
97.64, 451.09, 40.14
144.44, 294.06, 39.07
389.16, 428.11, 2.40
218.76, 301.40, 45.69
99.51, 104.64, 44.93
419.93, 473.98, 19.75
468.23, 492.39, 47.18
205.21, 307.66, 51.67
292.66, 375.34, 9.48
154.35, 496.89, 46.92
335.12, 400.57, 1.01
167.15, 372.61, 15.71
375.76, 475.24, 13.97
147.02, 233.92, 51.45
248.47, 255.83, 58.10
189.25, 332.13, 47.95
487.20, 494.11, 3.23
461.21, 479.09, 47.71
148.40, 401.23, 50.84
123.02, 234.17, 7.64
24.87, 239.61, 56.98
103.05, 142.56, 11.79
388.99, 422.58, 45.83
125.60, 405.46, 10.08
162.25, 386.14, 32.26
400.66, 417.73, 35.96
65.22, 196.95, 22.11
140.89, 189.78, 31.17
420.01, 422.93, 45.83
380.20, 422.15, 59.85
419.26, 449.01, 54.82
244.97, 442.75, 25.52
402.89, 463.84, 54.85
186.09, 444.80, 9.19
60.08, 424.72, 57.47
27.57, 56.88, 23.42
60.76, 495.68, 4.00
341.88, 359.31, 2.66
481.05, 489.88, 25.86
431.71, 487.16, 2.63
83.73, 367.84, 57.02
398.91, 452.98, 17.33
109.55, 144.60, 16.76
223.00, 450.09, 20.29
290.11, 460.92, 40.82
269.39, 410.14, 53.52
373.45, 375.42, 24.62
10.90, 62.65, 40.80
117.15, 490.35, 20.48
291.18, 295.75, 9.65
18.34, 35.05, 9.24
493.55, 498.86, 5.25
73.61, 243.11, 53.00
320.69, 400.54, 7.60
160.27, 491.21, 57.66
347.97, 391.84, 57.95
263.65, 426.09, 18.03
400.98, 491.34, 19.29
308.05, 391.82, 33.38
437.94, 445.09, 35.73
341.27, 495.25, 33.84
302.06, 489.23, 15.19
339.92, 470.55, 15.93
260.78, 476.59, 55.67
4.99, 401.25, 16.38
480.03, 483.55, 25.14
168.31, 229.50, 44.12
305.60, 395.48, 46.87
391.80, 464.59, 29.84
252.02, 418.93, 12.42
77.87, 136.23, 45.82
244.29, 257.36, 1.79
479.80, 489.47, 46.60
233.95, 416.48, 31.34
470.43, 476.44, 27.66
127.52, 337.98, 52.93
359.37, 466.09, 44.86
337.78, 344.66, 29.41
1.60, 445.64, 27.62
7.58, 96.32, 50.41
481.46, 483.01, 22.00
375.09, 487.17, 4.21
343.59, 499.29, 23.67
159.61, 295.62, 26.04
243.03, 350.42, 11.76
64.26, 93.45, 56.03
57.97, 160.85, 21.59
323.59, 495.80, 19.55
18.78, 407.05, 43.51
487.61, 495.80, 26.68
313.55, 464.27, 35.11
138.52, 385.30, 52.60
498.43, 498.78, 11.52
295.63, 342.63, 5.07
433.13, 433.91, 1.45
191.06, 313.23, 46.18
439.07, 496.15, 52.57
205.31, 250.68, 10.33
3.75, 216.52, 5.47
350.06, 419.23, 47.06
192.05, 257.85, 19.88
89.14, 286.55, 12.95
34.97, 439.40, 15.41
309.31, 465.04, 18.81
113.51, 400.33, 31.53
201.88, 482.25, 44.72
399.08, 459.63, 43.54
10.01, 415.38, 43.24
218.15, 381.09, 21.52
341.81, 397.93, 57.91
38.10, 488.27, 54.66
365.20, 408.00, 7.57
185.43, 494.97, 31.54
493.58, 494.56, 4.46
171.88, 193.17, 55.68
457.55, 489.71, 43.22
77.91, 497.58, 11.66
249.21, 304.92, 35.75
491.18, 494.48, 49.40
132.88, 161.39, 11.77
380.67, 387.05, 27.94
54.45, 412.24, 33.58
70.82, 171.25, 45.57
161.00, 187.65, 23.60
221.40, 380.38, 5.22
77.07, 354.59, 52.99
486.85, 499.70, 52.37
385.78, 489.23, 45.03
380.72, 468.12, 23.13
244.18, 298.59, 47.52
371.97, 433.22, 1.49
36.32, 294.43, 39.37
451.67, 472.08, 53.45
245.28, 482.34, 37.60
394.21, 411.03, 9.85
121.27, 458.88, 17.78
258.22, 398.91, 36.99
48.16, 308.01, 52.58
392.42, 397.55, 31.11
77.85, 125.21, 5.22
391.72, 485.91, 28.08
224.25, 400.98, 47.20
153.69, 497.17, 20.17
97.78, 171.59, 17.43
475.08, 498.77, 44.77
130.39, 365.77, 22.88
66.55, 332.24, 23.69
301.77, 333.49, 54.37
13.70, 142.09, 12.95
244.04, 359.14, 14.75
134.54, 171.13, 59.74
184.42, 465.84, 25.86
442.93, 478.06, 42.45
198.57, 351.42, 54.78
84.64, 265.26, 39.89
1.83, 38.79, 34.91
230.80, 347.74, 43.18
315.73, 492.32, 11.78
54.66, 117.63, 16.56
23.03, 77.47, 34.55
146.23, 160.53, 59.65
181.92, 369.90, 18.87
94.10, 157.59, 49.06
317.88, 459.48, 3.60
51.38, 394.19, 31.75
65.46, 370.94, 9.05
463.06, 496.72, 31.23
2.82, 47.39, 17.14
327.85, 373.42, 0.04
221.41, 402.03, 29.42
463.07, 471.24, 33.95
116.57, 291.64, 37.23
295.98, 477.32, 3.71
380.96, 413.75, 34.80
284.80, 300.77, 5.48
47.52, 262.52, 59.54
236.96, 345.87, 29.20
472.44, 499.37, 51.30
106.60, 466.86, 42.99
184.82, 311.46, 21.45
376.46, 379.04, 37.78
370.40, 444.21, 10.43
428.42, 465.57, 18.16
214.93, 428.19, 47.44
439.82, 490.21, 10.02
220.13, 422.17, 24.47
375.41, 380.21, 10.10
235.60, 492.59, 17.06
137.81, 463.35, 35.49
134.01, 189.58, 43.68
455.79, 470.78, 28.78
109.04, 395.84, 51.47
192.56, 459.58, 25.59
307.03, 366.49, 25.92
6.96, 101.66, 1.90
226.36, 413.56, 3.87
262.57, 348.29, 37.84
347.97, 463.24, 39.39
314.66, 395.80, 8.53
104.71, 206.25, 29.70
376.95, 403.19, 9.61
373.35, 499.98, 49.11
139.18, 392.15, 52.50
489.82, 494.18, 22.02
237.46, 380.78, 9.44
160.95, 471.04, 7.66
133.43, 411.91, 18.76
384.69, 490.87, 47.80
498.34, 499.93, 44.24
409.73, 462.42, 0.94
386.62, 404.27, 5.77
177.39, 438.30, 50.80
382.82, 466.59, 50.13
403.10, 469.29, 49.55
78.68, 139.78, 57.05
289.19, 290.85, 56.53
246.19, 301.95, 5.52
122.41, 189.51, 36.22
479.11, 491.21, 25.09
15.00, 308.74, 45.00
444.29, 483.44, 14.13
107.47, 316.82, 20.31
275.08, 457.45, 30.65
478.19, 489.27, 6.89
117.18, 263.31, 56.29
111.04, 175.06, 29.56
462.97, 471.15, 30.63
371.47, 418.78, 8.71
247.20, 497.77, 36.68
344.10, 396.83, 10.07
287.74, 384.54, 37.58
405.85, 431.25, 2.66
100.73, 103.22, 6.49
358.85, 394.18, 44.90
464.63, 499.10, 44.11
139.35, 185.39, 46.68
413.30, 448.68, 48.20
366.34, 432.56, 22.05
167.23, 497.42, 55.09
107.67, 217.49, 10.49
427.03, 451.35, 1.15
35.40, 336.43, 2.40
16.85, 220.37, 1.06
428.28, 445.35, 33.11
140.10, 302.83, 15.91
70.02, 144.38, 48.24
56.93, 455.23, 55.70
300.16, 312.83, 27.49
377.57, 428.95, 15.71
111.85, 261.68, 42.95
447.40, 473.52, 50.62
70.88, 216.85, 38.01
42.66, 153.16, 12.95
264.84, 424.91, 2.63
362.99, 390.96, 10.67
292.92, 336.81, 46.28
158.28, 466.23, 18.96
288.69, 445.53, 30.07
330.13, 463.40, 22.72
441.13, 467.76, 11.02
57.86, 97.09, 55.09
258.32, 491.87, 51.91
486.71, 487.90, 21.11
213.19, 223.60, 57.58
335.00, 397.52, 23.38
235.88, 447.71, 49.41
498.82, 499.34, 42.97
85.07, 161.54, 42.72
411.25, 473.28, 4.78
252.37, 310.95, 23.65
119.50, 166.00, 36.40
43.03, 199.91, 30.30
331.51, 404.17, 23.09
145.71, 196.09, 45.64
123.14, 389.76, 14.80
164.42, 190.61, 3.48
146.24, 498.29, 22.86
52.20, 366.95, 52.02
100.33, 143.34, 0.26
468.93, 479.44, 49.10
490.10, 492.58, 59.19
98.01, 355.06, 36.98
347.51, 368.47, 9.33
212.21, 232.89, 59.79
216.04, 377.00, 7.69
87.88, 274.58, 1.01
335.58, 429.71, 4.22
43.84, 341.51, 9.50
194.66, 470.72, 52.68
237.78, 343.73, 7.11
492.17, 494.76, 2.55
201.27, 228.34, 28.06
137.85, 407.42, 1.75
248.24, 360.75, 5.11
281.50, 471.42, 28.72
161.90, 329.51, 10.40
56.20, 154.98, 4.83
265.56, 462.08, 14.63
316.83, 386.82, 40.16
425.02, 482.04, 25.99
209.71, 296.22, 5.83
27.41, 328.77, 27.49
489.14, 498.98, 51.51
345.45, 489.64, 4.23
160.86, 266.00, 25.08
240.07, 453.25, 39.99
346.96, 487.05, 49.78
190.86, 267.69, 21.36
289.77, 450.09, 40.63
483.81, 487.34, 55.78
211.71, 357.07, 43.77
344.66, 389.29, 24.47
380.50, 461.92, 6.46
193.52, 197.21, 49.99
262.35, 441.65, 20.74
326.06, 365.75, 18.37
138.10, 277.88, 35.94
11.55, 495.47, 35.18
74.60, 234.34, 33.56
49.68, 350.09, 30.76
245.72, 251.84, 28.42
59.27, 188.97, 39.71
348.32, 380.89, 11.35
496.06, 499.88, 41.49
320.99, 447.16, 27.25
424.59, 489.86, 19.24
307.79, 448.18, 56.86
215.23, 391.34, 31.45
381.42, 450.77, 47.26
412.12, 440.56, 51.94
9.37, 19.85, 43.64
335.32, 425.75, 36.74
177.71, 416.60, 59.90
352.99, 423.53, 58.01
40.64, 273.65, 56.10
497.68, 499.77, 3.72
4.84, 94.54, 14.03
20.98, 124.76, 54.18
345.44, 477.19, 5.67
390.80, 412.68, 50.58
349.89, 474.40, 40.72
452.10, 497.34, 3.78
159.46, 237.15, 26.13
304.68, 382.14, 31.12
486.18, 497.77, 59.89
214.21, 316.82, 33.05
290.44, 396.57, 41.25
377.65, 471.60, 26.19
373.21, 381.30, 17.18
423.93, 478.35, 14.25
227.39, 358.01, 47.79
457.30, 462.62, 58.67
471.48, 472.93, 29.02
57.25, 207.15, 6.26
313.53, 443.31, 47.22
247.70, 323.98, 57.32
331.77, 394.56, 44.03
351.18, 438.89, 13.26
466.80, 467.32, 28.89
164.56, 300.78, 45.42
68.30, 357.33, 38.99
342.91, 343.51, 12.09
182.78, 330.27, 18.24
70.25, 403.21, 19.58
74.89, 168.70, 57.40
343.70, 472.70, 28.99
304.19, 400.95, 52.73
310.66, 336.30, 34.54
93.78, 261.40, 28.70
394.09, 462.71, 16.29
291.28, 339.73, 39.02
225.50, 476.88, 19.36
496.37, 499.73, 56.51
497.50, 498.47, 29.65
477.69, 496.10, 14.13
54.45, 136.17, 20.92
385.11, 385.49, 33.72
178.99, 280.72, 36.57
45.88, 254.20, 44.11
410.31, 426.53, 40.05
376.28, 452.96, 52.77
166.17, 276.33, 36.69
206.90, 252.53, 42.94
241.65, 480.65, 36.19
172.58, 477.28, 49.18
238.91, 302.53, 4.55
318.35, 489.40, 5.15
456.59, 493.06, 45.94
285.32, 459.00, 26.40
44.98, 166.24, 35.50
425.40, 460.81, 35.03
129.40, 459.89, 31.36
15.18, 420.87, 20.20
428.43, 457.50, 25.20
458.98, 488.98, 5.65
462.25, 469.53, 3.50
51.52, 313.80, 10.62
67.29, 74.87, 43.61
75.55, 433.12, 30.86
423.41, 465.42, 36.86
298.65, 405.09, 19.75
468.14, 474.87, 13.80
372.86, 458.61, 23.25
234.43, 475.61, 0.27
289.65, 382.68, 3.27
113.50, 246.28, 36.42
466.05, 474.43, 1.43
127.52, 200.68, 0.12
295.95, 421.33, 14.06
309.90, 367.57, 30.39
158.47, 357.45, 19.47
45.47, 267.51, 41.13
492.93, 498.10, 5.93
32.59, 415.21, 30.37
191.72, 217.47, 1.86
205.85, 205.86, 20.68
290.35, 450.84, 55.50
314.58, 406.85, 51.73
308.92, 313.62, 37.01
201.19, 458.41, 2.13
187.34, 414.84, 10.57
476.13, 495.86, 23.64
116.08, 216.49, 32.37
57.37, 119.18, 22.73
261.04, 405.12, 2.94
242.27, 458.49, 20.76
475.55, 493.76, 4.47
421.78, 428.87, 41.87
148.47, 267.36, 53.74
44.66, 354.90, 34.40
416.14, 494.43, 26.78
303.11, 320.53, 5.20
131.05, 208.36, 29.70
55.02, 404.59, 53.53
294.14, 439.36, 28.66
35.13, 138.41, 30.28
180.78, 314.68, 38.13
246.82, 468.34, 56.46
189.84, 453.99, 28.55
385.60, 387.37, 29.36
77.93, 190.32, 58.92
32.11, 274.17, 23.67
273.58, 444.72, 34.35
482.77, 486.96, 34.97
459.35, 489.00, 41.76
270.65, 373.07, 52.50
126.06, 255.98, 14.32
481.12, 487.02, 3.86
406.69, 482.65, 46.43
197.71, 309.45, 24.33
247.06, 480.84, 11.52
138.14, 201.34, 5.04
434.23, 467.17, 34.61
67.80, 275.08, 44.77
236.98, 483.67, 24.88
224.27, 291.85, 47.35
485.38, 494.75, 31.13
61.17, 233.08, 27.66
385.69, 424.12, 30.14
437.51, 455.37, 32.42
297.30, 427.39, 22.78
249.81, 430.61, 3.29
152.94, 345.73, 3.68
245.03, 432.08, 48.50
243.20, 318.20, 12.95
169.79, 179.87, 1.72
274.73, 445.39, 22.43
323.27, 399.94, 50.72
11.41, 284.22, 20.09
297.19, 365.24, 11.55
480.03, 488.09, 2.91
18.48, 139.61, 43.65
230.93, 421.85, 18.16
473.94, 498.41, 4.98
52.22, 393.60, 52.64
499.89, 499.95, 51.51
402.36, 461.40, 27.24
80.90, 399.65, 49.71
219.78, 342.63, 36.95
26.80, 431.46, 31.84
244.10, 369.80, 52.31
4.87, 455.60, 18.25
110.16, 315.21, 54.30
2.17, 63.56, 38.18
312.97, 342.32, 18.47
196.36, 414.45, 55.34
251.82, 368.77, 3.40
233.91, 323.03, 7.39
8.42, 391.23, 0.60
365.02, 491.28, 54.12
358.23, 392.65, 54.99
76.20, 130.41, 17.27
320.12, 376.38, 55.67
109.82, 238.10, 21.57
378.66, 488.14, 31.64
372.62, 435.46, 30.02
427.95, 483.36, 15.77
30.53, 212.41, 3.94
49.85, 126.08, 48.60
372.66, 455.46, 27.29
13.89, 118.46, 50.04
117.53, 254.46, 12.81
433.13, 438.10, 58.78
44.15, 293.55, 32.35
395.47, 484.45, 13.52
466.78, 477.75, 2.26
171.01, 267.20, 55.11
452.67, 498.11, 25.04
339.43, 339.74, 11.23
117.02, 342.39, 37.98
448.32, 461.42, 13.23
130.39, 372.24, 25.07
165.78, 288.74, 15.36
55.79, 478.44, 48.77
391.29, 458.86, 7.84
106.16, 334.42, 49.45
1.16, 190.74, 3.96
191.24, 288.64, 21.17
390.00, 415.89, 5.66
18.34, 291.47, 39.44
290.99, 291.47, 19.01
336.76, 356.66, 27.78
77.61, 123.13, 8.23
482.80, 491.36, 2.90
429.72, 487.66, 52.19
4.99, 484.29, 49.90
451.55, 479.37, 47.59
137.36, 285.52, 47.43
118.73, 419.84, 56.32
58.57, 93.24, 5.17
370.40, 394.47, 48.09
35.23, 272.16, 10.07
311.12, 387.09, 50.74
13.87, 430.05, 0.76
411.36, 450.33, 17.33
308.65, 418.80, 39.23
352.67, 463.83, 18.63
45.17, 151.22, 22.80
322.24, 489.74, 39.39
275.06, 428.81, 34.24
178.62, 250.22, 44.45
485.82, 486.38, 42.65
52.75, 95.88, 53.55
407.48, 478.36, 18.42
175.48, 231.11, 29.66
373.27, 386.72, 50.54
99.09, 463.53, 31.49
341.09, 491.64, 11.12
67.05, 288.22, 34.78
335.08, 388.79, 37.47
146.47, 150.10, 56.25
337.72, 358.93, 34.44
434.51, 464.16, 45.93
362.50, 415.42, 35.64
243.90, 367.01, 15.93
380.28, 476.85, 20.19
229.47, 312.34, 34.01
268.67, 359.06, 58.34
495.50, 498.10, 35.34
318.96, 418.75, 12.76
389.71, 462.45, 4.61
378.25, 391.36, 49.74
2.79, 479.03, 38.71
241.04, 288.23, 13.54
416.64, 482.36, 6.82
245.37, 251.70, 45.29
42.50, 263.55, 46.58
486.19, 486.77, 42.42
24.26, 328.23, 38.96
446.84, 498.52, 53.31
213.78, 275.23, 20.00
479.16, 487.00, 2.17
218.70, 281.95, 59.50
247.25, 374.57, 38.46
39.84, 351.27, 15.15
301.78, 356.87, 41.10
417.65, 482.33, 41.17
183.26, 426.67, 57.59
257.88, 498.20, 1.49
176.06, 228.60, 39.83
469.50, 486.16, 36.50
363.57, 375.10, 28.80
281.90, 496.13, 46.64
280.24, 334.37, 57.70
181.04, 317.41, 12.78
31.48, 471.29, 24.06
72.80, 422.01, 41.06
69.78, 499.21, 4.37
213.42, 369.46, 24.66
187.35, 383.49, 26.30
400.04, 432.66, 25.58
25.18, 36.84, 12.44
455.56, 492.90, 2.56
317.09, 364.60, 41.38
229.18, 376.22, 55.12
498.26, 498.90, 16.51
234.63, 420.01, 24.80
24.31, 186.37, 45.66
220.01, 386.39, 1.44
79.06, 366.28, 14.42
472.67, 496.73, 51.90
112.51, 365.26, 59.84
69.14, 292.62, 28.34
155.16, 240.56, 56.25
148.92, 367.37, 50.86
414.35, 470.29, 9.51
181.89, 217.02, 42.17
85.16, 213.31, 56.71
177.27, 257.79, 27.74
414.87, 424.59, 23.33
407.56, 442.94, 50.95
158.35, 394.24, 36.61
57.97, 119.39, 56.58
465.56, 472.76, 49.12
322.50, 454.54, 35.18
262.32, 301.69, 48.91
413.30, 446.31, 2.87
136.10, 419.68, 38.80
295.66, 393.74, 3.43
430.63, 468.55, 35.05
266.18, 495.58, 49.58
0.66, 495.14, 2.57
320.34, 435.03, 35.88
191.96, 488.66, 7.23
171.64, 483.37, 43.92
405.74, 415.24, 43.16
347.29, 485.47, 28.87
393.19, 425.30, 22.20
59.88, 110.02, 33.05
16.08, 287.60, 30.51
102.92, 328.69, 23.70
417.74, 439.44, 42.11
400.85, 401.87, 6.69
186.15, 236.38, 47.81
127.46, 190.55, 52.68
471.42, 472.48, 48.28
49.29, 358.08, 14.89
453.32, 473.88, 9.30
16.88, 461.24, 25.60
357.60, 358.89, 23.23
380.05, 471.20, 59.06
200.26, 230.22, 0.53
103.66, 300.35, 29.85
413.30, 459.25, 46.86
72.62, 328.50, 24.32
283.01, 412.68, 41.75
60.17, 189.40, 7.07
28.46, 109.36, 2.14
154.56, 473.18, 11.38
171.77, 396.19, 44.96
159.38, 410.30, 19.76
420.18, 456.69, 36.22
163.03, 403.76, 16.03
401.38, 408.58, 45.33
177.14, 415.90, 10.67
83.32, 305.32, 12.32
33.92, 388.83, 34.36
377.96, 497.36, 37.57
170.43, 471.42, 28.39
90.26, 394.41, 58.19
77.84, 361.51, 21.84
339.24, 455.77, 37.85
115.96, 349.45, 2.01
160.76, 359.30, 26.75
152.44, 401.82, 4.44
14.79, 93.98, 2.05
143.50, 281.89, 38.14
174.38, 179.65, 34.44
390.36, 427.65, 9.81
283.47, 305.09, 40.67
348.38, 353.40, 23.33
47.17, 300.70, 13.01
92.24, 364.98, 56.74
374.78, 432.87, 21.35
417.37, 471.59, 45.06
144.38, 219.01, 20.33
144.15, 461.18, 50.93
411.02, 449.22, 19.40
52.37, 69.02, 54.43
151.31, 352.99, 25.84
68.79, 421.83, 5.37
337.17, 371.42, 47.07
426.59, 482.53, 43.61
73.95, 188.02, 16.25
69.87, 284.58, 13.19
35.33, 384.00, 42.12
156.90, 246.55, 1.26
291.42, 485.50, 37.22
179.01, 245.40, 31.39
170.64, 177.54, 46.43
27.63, 190.30, 18.97
332.04, 497.99, 56.44
364.56, 454.80, 43.29
65.42, 131.53, 55.07
449.38, 465.62, 51.91
294.85, 392.57, 43.96
211.72, 455.68, 58.15
148.61, 187.53, 6.73
387.65, 421.67, 6.76
88.64, 494.75, 35.28
33.36, 112.60, 35.73
277.25, 309.91, 55.85
245.63, 445.38, 20.09
410.12, 425.76, 32.77
20.77, 253.14, 34.22
476.90, 493.65, 37.31
435.47, 441.38, 40.31
133.24, 423.11, 51.18
293.95, 425.29, 9.48
397.81, 414.67, 4.13
122.24, 418.90, 16.21
31.60, 374.23, 42.82
460.59, 499.70, 43.76
33.98, 359.66, 28.97
375.42, 454.77, 45.46
5.62, 28.08, 7.88
43.23, 384.06, 12.10
1.56, 90.42, 9.86
211.60, 281.27, 45.86
236.56, 337.83, 25.86
384.12, 427.25, 4.41
423.81, 434.37, 10.96
263.48, 471.75, 42.79
439.19, 491.71, 33.27
386.68, 392.00, 31.42
219.40, 344.05, 18.94
59.13, 377.01, 35.79
134.82, 426.29, 43.75
203.54, 321.30, 32.68
340.89, 377.94, 5.42
145.89, 481.33, 57.41
116.90, 225.69, 35.73
230.11, 341.68, 34.62
260.20, 350.74, 16.46
43.43, 462.20, 47.53
30.79, 75.46, 23.60
13.17, 438.06, 36.85
248.15, 294.62, 39.32
260.37, 485.18, 36.21
239.63, 464.35, 17.93
433.99, 441.66, 14.91
244.71, 384.24, 27.41
358.55, 465.43, 18.27
398.24, 399.01, 30.27
275.08, 392.59, 37.37
367.09, 402.97, 13.93
299.75, 369.52, 12.62
406.95, 443.24, 8.23
30.23, 275.74, 45.68
352.17, 469.56, 34.83
58.89, 113.77, 49.51
167.15, 218.47, 36.51
67.08, 283.70, 14.70
480.59, 481.03, 31.77
238.21, 267.12, 38.90
310.51, 448.19, 29.41
1.51, 210.93, 42.11
279.11, 385.94, 55.58
166.80, 243.34, 42.96
323.60, 401.76, 30.51
393.41, 449.64, 4.78
48.05, 292.57, 41.05
219.90, 293.18, 5.88
240.01, 440.59, 45.09
123.05, 487.22, 10.33
11.00, 436.62, 13.47
342.30, 433.14, 4.13
321.68, 428.45, 40.99
57.59, 346.74, 21.85
133.26, 471.96, 57.66
10.12, 126.49, 10.25
401.39, 455.70, 3.48
366.88, 401.73, 4.05
406.22, 462.23, 10.05
115.60, 335.45, 53.33
308.19, 464.46, 19.76
98.10, 356.85, 48.87
144.46, 438.08, 4.56
9.00, 396.79, 9.30
47.81, 243.18, 38.77
368.66, 441.15, 28.71
92.39, 221.31, 32.72
182.07, 423.77, 24.15
159.72, 340.27, 1.84
286.42, 498.01, 35.42
387.25, 403.59, 8.80
327.68, 418.81, 23.21
422.96, 458.79, 49.93
457.03, 459.10, 13.12
175.54, 316.44, 0.51
259.53, 421.53, 29.55
332.29, 388.41, 2.98
187.46, 359.44, 23.07
429.67, 487.90, 15.93
426.92, 433.67, 44.79
16.91, 425.61, 37.03
245.29, 341.91, 28.59
261.50, 496.25, 27.25
8.27, 163.35, 15.27
23.36, 495.71, 14.77
282.83, 457.57, 38.29
280.07, 457.19, 41.97
318.40, 488.71, 16.78
134.53, 319.99, 55.09
285.85, 428.19, 35.59
289.90, 420.48, 2.25
13.46, 142.03, 40.96
146.63, 355.82, 37.24
156.12, 413.30, 52.82
377.22, 383.34, 42.86
328.26, 458.88, 56.58
276.25, 462.72, 25.38
286.89, 332.42, 57.86
180.62, 418.41, 48.56
330.04, 398.96, 28.61
118.95, 437.37, 28.89
241.16, 344.26, 11.57
393.19, 474.33, 1.40
423.35, 464.51, 28.52
331.55, 415.58, 4.29
391.70, 483.76, 4.08
292.89, 446.38, 58.63
90.15, 207.36, 58.60
460.05, 477.14, 14.29
132.45, 476.12, 48.04
348.38, 449.61, 51.75
99.84, 176.74, 23.67
84.69, 265.33, 9.61
20.52, 433.36, 37.01
196.62, 305.73, 47.51
173.10, 204.11, 13.22
204.58, 384.66, 49.19
458.28, 477.45, 47.14
39.49, 257.88, 41.29
334.50, 482.32, 7.04
33.13, 461.97, 4.40
274.79, 403.52, 50.10
256.48, 306.41, 3.59
437.73, 454.47, 7.66
126.79, 429.06, 43.02
316.17, 386.44, 55.65
279.60, 369.19, 30.20
98.21, 486.60, 12.41
18.42, 397.50, 38.29
403.96, 456.18, 51.67
28.37, 198.11, 16.77
17.30, 366.37, 48.57
277.61, 371.57, 39.06
271.07, 370.69, 40.07
450.90, 495.17, 48.30
432.33, 462.25, 44.52
169.50, 426.92, 6.32
334.77, 400.93, 16.51
468.41, 472.54, 24.18
177.10, 405.10, 0.02
334.21, 451.66, 51.96
415.75, 441.66, 12.05
370.01, 423.99, 9.55
87.16, 177.98, 48.91
158.56, 499.02, 45.26
263.08, 328.24, 45.06
454.39, 496.27, 13.37
234.11, 308.68, 37.08
262.17, 458.01, 2.82
493.99, 499.45, 41.23
465.67, 477.88, 24.03
223.30, 462.39, 9.15
269.48, 384.86, 7.45
308.18, 478.08, 50.03
119.79, 201.45, 23.02
39.60, 236.84, 26.76
290.08, 493.75, 51.79
85.96, 189.79, 35.66
268.94, 301.69, 27.33
175.19, 181.68, 51.62
278.59, 282.51, 52.13
229.48, 292.86, 50.55
0.23, 362.41, 1.15
24.03, 396.36, 56.59
196.62, 401.65, 8.15
356.49, 495.56, 9.69
216.04, 325.88, 47.57
277.35, 379.33, 17.73
148.08, 425.14, 14.23
205.98, 479.59, 53.78
492.52, 497.08, 0.82
304.41, 496.02, 10.60
410.23, 427.65, 37.85
365.37, 425.90, 59.36
263.44, 312.50, 29.79
253.03, 436.03, 3.77
31.86, 276.45, 10.77
177.92, 223.56, 4.09
126.03, 448.61, 53.31
354.26, 448.17, 52.86
421.11, 423.69, 28.65
440.60, 475.98, 45.28
315.73, 436.72, 57.95
165.38, 338.49, 8.09
93.92, 297.45, 4.63
251.11, 292.50, 39.71
146.81, 428.98, 18.87
236.01, 497.77, 38.48
5.95, 305.24, 12.63
113.80, 196.29, 3.04
465.74, 475.43, 14.37
431.15, 461.37, 5.91
139.15, 420.86, 5.87
163.76, 376.83, 36.79
413.98, 472.68, 14.87
396.01, 402.05, 12.11
265.02, 267.68, 26.31
118.37, 127.58, 21.07
47.36, 415.28, 56.68
396.79, 469.49, 31.60
56.75, 294.99, 10.61
315.82, 376.23, 1.15
108.72, 292.08, 41.55
21.77, 288.92, 53.99
471.65, 498.11, 8.23
449.93, 464.94, 6.07
0.75, 480.88, 52.26
477.22, 482.38, 28.40
76.05, 301.71, 37.33
360.62, 449.48, 47.34
255.85, 421.17, 5.19
462.14, 475.96, 13.45
234.50, 412.04, 34.02
489.41, 490.74, 55.88
50.04, 214.20, 10.22
356.91, 417.86, 5.71
334.96, 450.43, 20.70
359.34, 447.82, 25.32
57.63, 228.75, 18.83
209.43, 387.64, 29.91
472.12, 479.95, 48.96
188.63, 278.01, 59.84
193.59, 388.95, 10.83
253.64, 413.33, 23.88
260.63, 467.19, 42.88
497.70, 499.42, 54.57
40.47, 204.80, 20.46
444.61, 468.56, 41.44
199.97, 462.82, 58.08
318.34, 460.20, 26.75
6.78, 282.12, 52.48
244.59, 297.59, 6.42
263.04, 399.11, 2.41
365.29, 383.66, 45.77
13.72, 148.01, 28.76
144.52, 251.52, 20.72
130.19, 132.28, 53.73
278.68, 489.42, 0.19
257.10, 348.70, 56.16
155.06, 173.88, 39.81
240.73, 261.22, 40.49
297.39, 418.01, 9.90
341.27, 361.45, 16.23
251.96, 258.75, 38.58
83.57, 164.43, 40.67
472.33, 479.41, 41.48
332.06, 374.02, 27.36
9.64, 43.52, 20.76
399.18, 440.13, 44.81
279.21, 311.36, 14.93
25.48, 352.58, 59.98
407.99, 440.65, 35.04
214.26, 383.14, 38.62
240.03, 407.39, 39.99
479.26, 495.77, 15.56
45.87, 490.17, 30.96
381.66, 450.60, 30.90
412.76, 433.17, 29.91
103.72, 165.75, 49.86
246.86, 295.70, 17.78
46.75, 385.90, 2.37
358.59, 440.04, 11.11
359.28, 469.46, 51.19
290.38, 478.97, 59.35
212.64, 492.35, 20.96
446.07, 476.04, 16.62
357.26, 483.45, 34.21
253.56, 369.72, 28.20
325.66, 416.77, 19.35
101.49, 363.63, 41.58
410.79, 494.11, 0.04
197.64, 351.46, 31.90
53.56, 386.79, 20.16
365.05, 433.07, 28.76
332.87, 376.20, 3.05
183.57, 380.44, 54.89
177.68, 210.86, 4.68
361.89, 486.39, 2.42
28.32, 434.98, 55.27
351.05, 475.04, 28.84
271.34, 377.03, 30.48
47.73, 158.17, 18.51
176.69, 402.43, 8.77
45.40, 356.42, 14.69
86.29, 153.65, 33.79
338.16, 437.30, 49.30
52.57, 110.31, 6.82
226.68, 408.87, 29.49
319.03, 461.81, 42.06
481.14, 488.93, 10.74
280.83, 448.80, 24.35
145.44, 157.39, 41.19
178.79, 222.93, 52.47
281.99, 478.69, 50.44
73.02, 255.85, 48.38
19.39, 317.13, 24.45
429.35, 453.52, 1.98
40.47, 243.64, 44.62
242.26, 351.75, 19.05
195.46, 420.91, 0.71
326.01, 434.97, 44.46
308.89, 466.28, 41.98
43.23, 451.41, 1.83
31.54, 396.64, 15.42
120.44, 366.95, 0.66
331.06, 417.04, 2.76
134.31, 281.11, 11.62
482.44, 492.04, 35.88
54.29, 464.46, 56.53
271.25, 301.72, 30.92
208.59, 364.04, 19.23
124.13, 126.93, 22.45
14.31, 131.25, 15.61
92.50, 136.94, 47.86
90.73, 371.84, 41.03
101.06, 290.37, 36.60
270.23, 420.56, 21.04
193.85, 401.60, 45.45
346.54, 467.56, 2.23
230.51, 461.25, 38.67
467.64, 495.56, 52.82
165.56, 251.39, 46.84
202.08, 248.44, 54.60
248.62, 262.49, 18.59
297.63, 415.90, 36.04
272.01, 365.24, 12.88
319.25, 358.35, 19.03
432.48, 440.03, 52.64
15.08, 412.20, 25.54
21.42, 168.87, 22.50
224.74, 310.71, 13.78
82.38, 159.49, 29.41
227.30, 360.99, 22.83
432.00, 432.86, 5.02
438.98, 457.21, 38.86
99.05, 485.11, 18.03
125.28, 288.07, 30.66
353.53, 413.80, 12.63
102.44, 167.12, 37.31
139.64, 357.39, 1.91
79.01, 164.21, 21.07
454.19, 462.37, 11.06
145.65, 279.17, 3.91
87.57, 414.37, 10.92
269.08, 418.20, 2.47
231.77, 387.57, 56.68
300.20, 342.06, 41.95
319.97, 321.08, 35.35
276.18, 445.07, 41.31
158.56, 323.52, 17.99
497.24, 499.19, 58.79
7.40, 301.33, 34.59
300.49, 443.29, 4.07
319.47, 390.78, 9.88
450.82, 479.05, 20.65
430.28, 483.54, 23.82
432.92, 477.27, 15.11
152.73, 465.78, 38.46
472.40, 490.37, 37.48
46.08, 58.73, 11.72
149.91, 175.61, 16.11
152.47, 264.49, 24.90
313.85, 358.83, 58.29
292.17, 351.95, 12.33
453.75, 468.52, 22.59
142.55, 480.20, 26.18
85.70, 489.08, 7.79
358.03, 366.81, 24.24
330.19, 377.53, 3.21
481.12, 493.76, 20.97
47.15, 243.45, 24.84
411.89, 412.31, 20.25
445.57, 474.80, 17.52
305.12, 387.20, 38.81
315.47, 368.34, 13.31
15.64, 156.76, 20.52
254.78, 282.37, 17.71
174.40, 225.28, 0.54
290.80, 312.14, 26.11
212.73, 490.07, 52.42
442.41, 453.02, 9.92
224.33, 451.45, 48.36
343.93, 437.88, 32.86
23.09, 425.60, 10.19
368.74, 472.58, 41.03
186.83, 222.48, 13.40
63.54, 304.71, 51.93
329.95, 342.32, 57.56
442.46, 498.33, 46.10
388.90, 426.83, 59.08
109.91, 116.61, 37.44
392.36, 491.93, 26.36
92.01, 217.10, 42.52
87.79, 215.49, 8.34
471.91, 477.22, 21.84
468.23, 498.05, 14.37
257.62, 342.43, 46.23
252.95, 375.27, 52.83
174.18, 344.64, 24.69
282.01, 496.82, 35.44
75.37, 453.83, 15.74
153.19, 290.94, 52.27
231.56, 335.01, 48.32
321.54, 386.53, 25.02
175.80, 351.90, 39.49
359.10, 415.54, 1.99
397.12, 493.64, 30.86
198.29, 353.65, 34.34
268.62, 409.21, 52.33
19.85, 494.50, 16.90
1.37, 241.35, 17.47
55.59, 253.20, 56.14
435.32, 480.26, 16.57
23.83, 335.56, 9.86
428.95, 497.60, 0.20
258.90, 369.82, 35.30
301.68, 314.21, 33.32
402.34, 437.03, 52.82
29.88, 454.68, 47.23
352.81, 397.07, 47.36
12.12, 84.49, 59.78
85.82, 436.56, 38.51
12.47, 198.21, 52.01
19.01, 147.29, 58.11
177.71, 258.46, 17.97
372.17, 468.26, 51.19
114.26, 273.26, 23.08
19.62, 227.82, 27.33
219.41, 457.63, 30.65
216.18, 413.76, 4.22
98.36, 232.51, 5.00
360.12, 436.85, 9.89
279.15, 392.19, 10.05
199.68, 309.16, 12.87
371.81, 432.23, 11.23
156.53, 398.54, 57.22
119.69, 450.87, 14.94
291.74, 461.06, 0.33
272.80, 451.95, 19.31
441.05, 463.44, 52.37
186.00, 383.44, 1.75
258.26, 472.67, 5.06
323.91, 455.18, 49.34
390.44, 493.73, 1.75
249.40, 266.80, 25.32
330.44, 344.94, 47.67
497.80, 497.97, 15.93
211.75, 273.21, 16.63
306.68, 313.95, 54.94
491.24, 497.53, 5.41
292.61, 442.03, 34.71
169.59, 226.84, 27.68
156.01, 451.55, 41.34
489.52, 496.77, 32.41
163.85, 362.13, 33.65
489.41, 493.89, 25.39
321.39, 351.53, 0.04
441.05, 487.35, 53.72
109.49, 285.14, 10.01
121.04, 300.55, 29.86
247.69, 276.76, 27.08
125.87, 401.24, 11.46
455.29, 480.94, 23.53
97.11, 287.63, 42.75
438.02, 494.53, 12.32
341.20, 499.71, 51.01
137.21, 291.54, 6.42
470.49, 483.90, 24.73
455.35, 464.34, 46.23
419.35, 460.54, 45.41
27.83, 63.50, 40.84
65.07, 373.45, 31.48
460.39, 468.51, 25.73
270.36, 343.15, 46.23
103.49, 331.09, 44.43
24.75, 198.13, 11.33
207.27, 243.06, 54.60
58.05, 227.30, 38.85
499.08, 500.00, 54.55
394.25, 476.53, 57.77
169.27, 417.73, 24.25
369.41, 428.92, 50.36
247.57, 343.01, 51.93
216.74, 449.56, 19.81
216.24, 443.33, 30.28
486.54, 490.67, 8.28
250.92, 318.77, 34.20
382.52, 461.22, 43.50
15.63, 430.21, 10.70
120.47, 198.18, 38.05
279.23, 306.15, 0.02
212.78, 260.95, 47.49
79.12, 280.50, 21.18
216.30, 488.41, 57.56
45.09, 132.19, 14.45
13.38, 201.20, 6.02
126.50, 273.50, 13.09
188.91, 307.37, 16.78
150.23, 242.23, 16.14
82.57, 269.94, 2.29
188.97, 266.00, 50.07
198.84, 350.06, 0.69
450.71, 491.06, 16.97
407.16, 428.68, 5.38
123.40, 461.23, 8.41
327.52, 396.61, 43.49
138.33, 473.84, 54.81
31.65, 41.94, 13.85
459.72, 487.86, 57.25
261.24, 492.71, 12.32
84.51, 316.57, 9.92
334.56, 456.23, 39.15
253.12, 443.76, 3.98
343.39, 418.59, 8.70
243.78, 380.18, 25.80
196.26, 434.55, 31.96
363.12, 458.95, 0.54
104.13, 214.34, 25.55
163.72, 445.72, 24.88
292.95, 332.27, 4.61
331.11, 438.84, 36.29
127.11, 298.48, 28.21
398.27, 452.19, 19.88
0.78, 15.71, 32.62
278.54, 344.95, 52.93
362.32, 481.59, 37.36
371.14, 489.35, 11.33
144.95, 436.73, 28.59
497.39, 499.45, 27.31
244.68, 308.89, 2.16
486.40, 490.22, 31.98
77.67, 469.74, 51.54
154.94, 414.91, 57.57
227.76, 486.98, 1.51
32.94, 415.09, 28.60
319.73, 424.95, 24.71
284.80, 456.09, 38.32
91.72, 465.59, 21.76
179.77, 195.23, 21.93
249.90, 407.93, 45.16
485.60, 495.33, 40.45
135.20, 289.85, 28.90
108.97, 260.57, 55.29
76.53, 318.87, 38.11
499.98, 499.99, 21.25
110.31, 249.95, 3.34
83.35, 133.60, 12.61
75.79, 77.98, 59.18
95.05, 223.84, 40.40
10.13, 181.41, 55.48
495.36, 497.59, 16.27
330.91, 343.01, 57.77
416.64, 447.64, 27.50
68.25, 351.54, 50.06
194.48, 211.76, 45.72
456.60, 499.17, 44.54
238.88, 492.60, 36.72
79.41, 127.49, 57.63
139.77, 234.48, 27.11
43.44, 144.13, 16.25
281.44, 383.93, 34.26
400.95, 401.49, 41.01
174.43, 192.86, 54.93
306.24, 410.92, 40.97
15.72, 254.85, 34.20
244.24, 290.75, 35.08
469.30, 489.44, 16.01
170.83, 271.66, 36.94
132.42, 325.28, 48.35
115.56, 229.65, 7.88
432.29, 463.38, 16.61
283.84, 352.62, 7.99
91.92, 483.98, 5.77
15.75, 248.91, 1.26
130.45, 457.61, 43.30
179.59, 398.11, 28.86
429.75, 476.44, 7.55
257.96, 333.85, 39.08
21.52, 194.40, 18.03
88.64, 431.81, 23.42
238.58, 354.89, 52.52
13.03, 217.38, 41.21
42.10, 118.90, 58.36
122.29, 239.28, 8.90
499.11, 499.51, 19.42
441.88, 474.24, 11.37
348.93, 404.13, 3.05
317.42, 380.89, 9.41
181.23, 473.69, 1.30
23.76, 269.81, 16.97
260.60, 385.29, 54.09
276.12, 484.03, 11.61
287.67, 356.41, 37.62
440.81, 481.91, 49.06
196.11, 332.75, 35.34
384.35, 423.45, 5.96
261.93, 327.45, 59.81
127.08, 376.38, 0.49
157.55, 395.71, 18.85
344.11, 476.27, 6.43
432.28, 448.35, 55.77
342.31, 442.34, 30.55
53.47, 484.22, 59.07
3.48, 306.87, 31.91
413.83, 456.35, 9.15
379.31, 383.35, 53.96
410.05, 431.14, 45.92
218.83, 321.21, 2.47
140.43, 258.63, 38.74
264.70, 317.75, 2.57
266.70, 442.66, 57.12
233.70, 241.21, 13.48
448.38, 494.98, 53.92
61.92, 300.15, 17.78
303.35, 432.50, 0.46
308.56, 462.78, 40.81
383.62, 474.51, 11.50
136.45, 347.48, 1.78
495.77, 497.47, 6.77
86.03, 443.36, 20.26
154.77, 359.20, 29.81
492.08, 492.42, 25.89
346.26, 463.89, 3.95
425.86, 440.59, 14.21
403.13, 478.97, 5.45
37.95, 49.82, 3.89
486.40, 494.56, 52.95
193.70, 433.08, 28.76
212.26, 481.40, 28.62
395.69, 400.44, 8.69
198.68, 222.91, 56.15
238.87, 385.70, 34.41
28.47, 320.39, 42.23
105.79, 371.96, 0.33
154.03, 379.08, 58.87
44.43, 247.91, 53.41
414.59, 435.44, 40.91
342.98, 362.99, 43.43
411.97, 447.19, 54.54
284.95, 462.26, 26.90
308.22, 477.96, 35.07
499.59, 499.85, 22.37
480.38, 481.95, 34.27
275.48, 443.89, 45.05
207.19, 366.75, 56.04
246.51, 483.23, 52.08
481.64, 490.48, 31.31
46.80, 212.85, 53.16
453.34, 491.91, 27.59
431.23, 486.38, 52.79
222.27, 330.95, 1.14
30.90, 343.78, 36.99
36.82, 259.95, 19.74
421.77, 485.77, 46.74
212.56, 457.15, 7.76
91.16, 168.78, 40.43
93.05, 420.65, 50.18
256.72, 345.21, 5.00
433.35, 495.33, 16.86
381.68, 468.83, 58.50
13.57, 180.44, 9.23
210.09, 239.95, 22.53
396.77, 472.81, 6.31
270.04, 433.40, 59.01
343.27, 482.24, 13.75
130.51, 434.41, 9.66
297.83, 476.48, 54.96
307.98, 340.16, 55.83
385.56, 410.10, 25.74
164.42, 489.04, 37.98
303.61, 328.71, 39.91
484.27, 487.02, 6.98
187.35, 361.82, 1.14
222.22, 421.96, 48.88
277.14, 366.71, 43.30
244.13, 389.69, 0.70
326.00, 370.50, 4.64
297.16, 491.40, 2.89
482.57, 499.27, 18.99
9.75, 355.81, 22.50
169.55, 356.43, 55.89
495.94, 499.81, 17.79
68.83, 432.02, 59.79
186.07, 281.73, 6.39
32.82, 81.23, 42.99
390.79, 404.43, 13.78
378.41, 428.85, 55.96
386.21, 496.26, 3.54
400.77, 488.11, 8.60
52.06, 378.43, 33.73
378.14, 395.41, 25.55
361.22, 427.19, 31.18
140.84, 283.98, 4.61
370.97, 472.48, 36.72
259.00, 348.35, 27.12
368.14, 428.63, 35.20
377.01, 473.90, 0.73
31.60, 95.04, 32.88
1.80, 157.37, 35.67
460.95, 481.36, 9.38
446.26, 469.77, 2.71
241.97, 477.60, 17.78
455.44, 497.54, 12.13
438.72, 465.34, 44.41
110.25, 150.49, 25.95
82.90, 225.24, 34.40
224.77, 241.95, 7.37
435.45, 465.14, 49.88
443.78, 497.26, 19.89
84.81, 142.65, 0.86
414.93, 430.61, 50.97
385.80, 436.50, 2.25
71.69, 290.60, 48.98
391.06, 436.74, 52.03
29.01, 284.95, 25.73
351.22, 459.58, 42.12
176.37, 178.42, 45.79
117.82, 271.24, 13.11
65.87, 445.49, 58.35
440.72, 470.48, 13.69
447.72, 449.27, 41.89
269.57, 453.19, 13.32
115.07, 199.65, 6.88
310.91, 438.83, 49.67
397.20, 400.60, 12.12
319.57, 355.49, 17.85
495.71, 497.73, 15.73
479.37, 497.53, 54.84
208.20, 383.70, 57.92
314.77, 375.85, 46.18
236.08, 464.58, 58.69
435.85, 478.62, 51.16
44.30, 489.71, 5.26
114.54, 300.11, 54.90
441.08, 450.47, 20.72
285.88, 398.67, 17.77
487.43, 497.58, 42.86
122.53, 122.99, 53.08
344.14, 451.18, 39.02
410.82, 482.59, 48.88
27.73, 300.77, 36.34
121.10, 181.49, 28.50
90.59, 106.32, 14.08
378.89, 391.79, 2.72
277.32, 434.98, 43.82
67.61, 174.14, 12.65
49.42, 303.82, 51.36
91.63, 212.43, 4.71
329.13, 460.66, 28.79
462.10, 471.27, 42.74
200.11, 328.71, 24.11
400.10, 467.24, 17.88
433.50, 487.09, 35.60
145.44, 464.99, 48.86
391.61, 438.14, 18.08
174.98, 312.99, 23.73
413.83, 431.88, 23.47
137.82, 354.61, 24.37
20.34, 167.30, 28.66
65.46, 480.32, 46.68
493.45, 494.36, 24.49
376.38, 472.45, 27.63
423.84, 481.34, 11.11
430.80, 441.96, 5.15
455.47, 496.87, 1.21
461.73, 474.92, 13.25
37.23, 435.73, 34.55
178.96, 269.84, 2.52
307.50, 401.68, 9.61
272.61, 468.13, 0.97
109.24, 179.88, 20.17
497.28, 498.35, 20.89
373.13, 387.71, 42.88
58.21, 435.73, 40.23
24.60, 110.39, 14.55
208.64, 245.43, 51.07
482.13, 495.21, 41.75
367.29, 385.02, 58.66
29.88, 150.80, 58.43
238.29, 440.26, 41.56
180.93, 182.52, 46.99
423.47, 453.90, 12.53
409.42, 414.69, 1.80
425.35, 444.87, 40.01
135.82, 242.42, 19.66
306.50, 312.46, 7.34
408.32, 437.39, 5.75
163.24, 234.20, 29.97
150.09, 472.56, 24.77
48.28, 228.97, 26.62
449.51, 496.35, 41.81
103.90, 328.49, 16.30
467.51, 491.53, 3.95
3.43, 254.59, 17.17
441.47, 469.08, 29.37
409.54, 497.62, 42.19
283.64, 374.70, 12.75
103.69, 235.12, 28.66
223.79, 478.16, 1.85
286.78, 380.70, 30.98
137.27, 317.69, 28.31
355.28, 461.53, 15.99
447.20, 485.84, 22.12
287.47, 375.40, 35.99
103.40, 329.87, 22.80
189.03, 256.69, 22.32
435.09, 438.43, 17.96
110.26, 438.27, 11.35
459.90, 487.60, 8.46
22.37, 231.18, 50.94
323.28, 368.14, 38.09
387.72, 424.40, 46.96
249.72, 338.39, 29.77
142.48, 419.52, 44.22
25.21, 273.99, 19.37
193.09, 487.79, 0.84
410.53, 419.92, 48.38
270.21, 461.12, 57.60
318.84, 447.64, 45.89
251.18, 483.07, 11.91
393.49, 414.20, 56.50
414.08, 429.06, 26.83
102.85, 169.04, 10.47
87.68, 297.58, 46.22
443.22, 458.97, 4.19
373.56, 398.84, 56.63
118.38, 419.56, 19.31
101.44, 291.91, 19.99
460.81, 484.68, 56.45
1.27, 214.52, 28.79
183.71, 497.11, 30.26
293.79, 426.22, 32.35
121.65, 391.33, 45.46
83.30, 123.98, 57.93
238.26, 449.84, 5.53
139.68, 309.83, 31.12
170.06, 495.80, 13.78
447.02, 468.09, 52.91
243.28, 467.69, 29.29
334.64, 416.90, 4.49
62.55, 159.81, 54.05
155.81, 214.15, 32.25
235.65, 359.45, 50.85
402.11, 454.73, 22.06
381.56, 439.75, 20.87
400.25, 443.87, 51.44
82.03, 236.24, 24.12
395.63, 433.70, 18.03
191.56, 311.53, 20.42
444.67, 478.02, 10.37
230.03, 424.43, 43.84
179.88, 465.38, 19.92
259.59, 279.91, 33.48
239.01, 408.45, 59.06
3.23, 319.32, 49.30
25.50, 252.76, 55.78
311.59, 341.18, 57.49
54.95, 144.02, 9.70
237.24, 437.43, 16.11
1.51, 227.72, 23.15
247.11, 419.98, 23.25
255.90, 444.79, 33.21
303.13, 402.41, 26.77
400.07, 443.82, 12.73
483.64, 492.59, 31.92
60.09, 95.24, 28.44
315.82, 345.31, 0.45
177.80, 362.56, 50.07
352.79, 416.92, 47.83
406.25, 471.92, 2.02
73.60, 351.56, 32.86
148.21, 234.38, 48.28
220.18, 359.08, 12.97
281.14, 499.86, 47.23
26.14, 71.46, 46.59
409.27, 444.43, 14.90
250.63, 280.75, 58.45
118.50, 349.02, 39.67
317.58, 484.87, 2.73
240.81, 494.27, 46.08
491.04, 498.41, 38.85
128.54, 241.58, 38.26
201.82, 420.92, 34.34
456.07, 491.22, 31.24
192.13, 401.33, 44.96
167.47, 402.84, 9.29
376.63, 466.80, 12.30
441.65, 446.37, 41.23
41.73, 185.31, 40.49
6.49, 254.88, 41.95
33.69, 371.98, 4.35
370.37, 381.74, 3.14
230.81, 463.58, 38.47
109.64, 370.37, 33.35
171.24, 393.45, 57.75
321.28, 371.88, 55.05
24.37, 473.35, 42.92
279.66, 382.52, 11.07
466.35, 493.88, 46.30
291.36, 318.52, 3.55
259.36, 264.02, 31.38
281.46, 409.82, 11.57
253.56, 295.37, 52.40
333.14, 356.74, 57.40
440.92, 453.56, 44.06
302.53, 352.21, 22.37
407.04, 463.95, 44.57
302.64, 355.14, 0.38
359.29, 497.04, 54.99
359.66, 451.09, 46.29
172.63, 262.17, 41.26
452.16, 462.13, 56.39
399.14, 461.01, 51.08
11.20, 279.85, 15.74
247.25, 355.11, 1.49
352.05, 466.37, 10.01
462.98, 466.62, 54.53
484.51, 490.55, 35.35
152.07, 369.85, 32.90
376.02, 478.35, 15.66
180.91, 248.79, 34.21
77.67, 399.69, 20.84
196.62, 286.68, 37.99
234.24, 492.60, 18.31
328.29, 397.69, 41.80
445.20, 476.10, 52.51
80.43, 290.80, 48.94
288.78, 402.88, 19.16
123.16, 265.31, 38.08
126.64, 388.22, 31.24
429.47, 436.15, 11.87
135.52, 486.02, 29.11
325.71, 477.89, 45.21
427.99, 476.70, 15.32
313.81, 498.83, 31.00
187.09, 234.21, 23.39
311.11, 425.80, 30.52
14.77, 455.13, 6.08
43.73, 397.58, 13.44
241.25, 491.89, 0.29
37.95, 422.84, 37.37
326.70, 345.94, 20.53
291.10, 358.95, 25.16
268.81, 354.72, 37.22
84.19, 293.18, 28.92
172.58, 371.95, 59.17
332.51, 457.93, 58.77
405.82, 437.07, 27.23
172.08, 333.03, 20.16
115.77, 458.49, 26.95
461.81, 472.44, 43.87
384.17, 399.12, 9.07
354.47, 478.62, 24.06
8.61, 149.62, 55.68
367.99, 417.40, 0.35
385.02, 397.20, 53.87
284.04, 410.37, 27.31
285.87, 301.18, 25.87
26.18, 385.32, 25.48
49.52, 264.58, 21.74
237.37, 461.30, 1.39
376.32, 485.11, 56.24
397.96, 457.48, 15.33
131.03, 239.15, 11.20
315.85, 345.78, 44.49
341.82, 459.16, 38.92
488.10, 493.71, 11.13
23.47, 91.24, 14.69
495.15, 497.28, 59.93
103.32, 343.12, 48.60
54.78, 332.79, 51.22
149.80, 394.01, 23.28
445.22, 471.60, 26.86
363.23, 455.01, 3.52
20.04, 374.59, 59.22
445.52, 483.05, 53.71
292.69, 450.45, 28.55
83.27, 253.58, 46.77
376.93, 492.01, 29.05
420.94, 453.03, 20.77
247.55, 257.34, 14.20
127.57, 338.29, 25.68
141.12, 293.99, 17.36
37.25, 183.09, 8.31
265.89, 444.64, 19.78
430.04, 433.00, 17.66
142.89, 191.89, 24.13
380.20, 487.31, 21.93
170.69, 408.23, 43.44
295.60, 491.31, 40.48
207.11, 208.25, 51.86
366.05, 402.11, 16.40
402.54, 490.95, 1.22
194.57, 426.19, 55.22
17.65, 94.17, 4.23
464.34, 491.30, 1.13
321.95, 337.02, 38.73
159.54, 402.57, 19.90
213.29, 422.98, 14.62
171.22, 464.66, 56.57
235.60, 237.06, 4.26
144.22, 370.59, 22.06
11.83, 245.67, 25.27
218.62, 235.56, 4.89
67.72, 393.91, 39.08
453.55, 461.73, 8.24
409.62, 496.76, 47.63
252.68, 323.89, 7.89
349.19, 378.00, 10.51
104.46, 314.78, 38.65
252.94, 376.71, 44.54
466.66, 477.65, 35.38
445.63, 497.54, 43.38
226.78, 478.21, 45.01
228.48, 388.20, 24.90
422.09, 469.83, 17.13
196.81, 198.09, 55.55
363.31, 452.23, 19.86
69.52, 89.44, 11.40
42.86, 110.44, 1.44
389.03, 406.64, 13.00
278.95, 310.83, 35.29
24.92, 299.92, 51.95
16.59, 498.29, 33.57
232.31, 395.26, 10.30
137.91, 408.71, 59.23
387.62, 497.39, 55.48
87.42, 247.70, 37.08
264.32, 468.84, 31.87
158.38, 390.43, 47.66
129.44, 382.75, 42.69
474.99, 477.08, 11.22
353.16, 372.44, 59.84
104.11, 481.31, 40.49
439.66, 496.41, 52.37
403.61, 410.52, 47.52
220.34, 363.80, 24.04
222.50, 396.42, 19.58
213.14, 279.49, 53.95
476.30, 481.11, 58.64
156.41, 199.89, 19.74
488.02, 490.62, 36.77
286.10, 338.11, 6.87
377.79, 480.97, 42.69
350.63, 422.69, 48.80
260.95, 409.15, 10.26
465.47, 467.74, 57.40
141.06, 197.55, 56.13
6.94, 89.19, 9.86
220.40, 329.28, 57.24
149.25, 445.11, 53.62
461.81, 465.04, 58.26
167.91, 258.81, 33.20
181.13, 407.74, 41.08
84.51, 335.31, 48.99
294.96, 427.46, 0.58
418.44, 463.86, 25.75
153.51, 470.65, 41.19
59.89, 268.93, 15.37
217.95, 396.90, 24.12
391.35, 475.17, 22.18
256.17, 470.99, 3.46
79.68, 87.73, 15.93
294.95, 357.42, 57.69
246.62, 290.69, 27.37
340.33, 365.91, 39.76
316.16, 480.09, 18.66
426.33, 437.56, 0.45
46.01, 340.72, 46.12
435.61, 447.21, 54.26
387.02, 449.36, 1.12
418.01, 448.62, 21.72
195.20, 327.03, 5.53
376.37, 420.85, 45.01
255.07, 313.73, 7.00
254.78, 278.50, 1.20
375.07, 487.15, 25.92
218.25, 355.19, 58.66
296.78, 487.81, 25.13
312.23, 498.28, 42.80
134.19, 271.04, 25.63
303.96, 341.89, 6.59
336.54, 426.77, 11.61
491.38, 494.21, 5.10
64.36, 271.05, 15.59
87.92, 455.46, 0.55
193.82, 493.99, 45.62
10.57, 65.29, 41.65
230.86, 468.29, 9.05
79.12, 493.23, 35.88
39.77, 210.83, 39.59
339.21, 394.56, 34.19
279.58, 298.61, 2.32
11.40, 362.34, 40.47
110.28, 192.32, 14.31
6.99, 31.66, 31.90
392.91, 395.25, 31.94
100.79, 308.81, 17.63
72.37, 284.55, 59.65
273.98, 303.24, 59.85
15.76, 57.75, 44.06
498.98, 499.13, 40.91
90.79, 384.66, 31.45
395.08, 462.88, 29.79
24.48, 264.67, 1.56
302.59, 403.61, 9.08
391.70, 483.66, 25.30
463.77, 486.98, 36.29
259.51, 381.02, 24.60
227.44, 362.57, 59.28
370.25, 379.89, 57.75
69.28, 95.53, 31.50
94.53, 208.10, 30.12
307.20, 433.15, 46.63
38.96, 258.51, 55.57
251.56, 477.50, 1.56
463.52, 470.81, 46.12
225.81, 247.53, 8.26
363.99, 417.36, 23.82
488.57, 490.77, 57.85
17.55, 136.43, 6.08
143.15, 262.13, 19.98
285.64, 428.55, 53.16
200.09, 432.38, 6.11
333.69, 356.07, 19.34
123.17, 404.43, 43.70
470.63, 485.65, 37.17
2.59, 361.27, 26.64
347.07, 361.56, 43.01
24.02, 478.11, 33.73
92.46, 173.59, 20.22
199.36, 270.24, 48.74
428.85, 484.38, 11.01
459.36, 459.54, 0.02
187.15, 282.40, 26.62
240.38, 441.38, 52.36
281.40, 340.83, 5.89
190.39, 462.96, 56.58
380.92, 465.74, 51.51
136.43, 294.75, 20.20
72.71, 348.07, 29.05
57.95, 403.95, 33.09
36.81, 89.08, 24.28
61.46, 158.90, 33.45
482.09, 483.34, 34.97
313.99, 316.89, 57.93
117.27, 194.53, 5.07
127.98, 226.02, 14.11
78.59, 466.69, 25.11
461.84, 493.14, 10.62
309.24, 367.30, 4.97
69.58, 325.65, 27.13
204.70, 453.59, 27.07
464.58, 499.99, 32.01
208.98, 395.54, 50.51
315.13, 423.85, 45.55
286.45, 343.98, 54.64
431.20, 477.78, 50.06
113.19, 483.19, 3.22
188.86, 383.36, 31.59
242.29, 330.84, 54.41
139.24, 151.49, 29.58
213.69, 421.77, 54.65
220.89, 251.80, 17.04
412.55, 475.21, 54.47
4.17, 187.75, 43.96
241.89, 413.78, 27.69
302.45, 384.65, 15.81
181.10, 242.17, 40.95
354.12, 402.24, 17.00
360.77, 465.31, 24.71
170.13, 449.67, 52.06
211.51, 408.70, 17.89
119.82, 361.86, 32.93
350.58, 422.49, 13.12
453.73, 464.60, 16.79
469.07, 483.32, 16.21
298.82, 335.75, 42.92
385.28, 453.65, 49.07
271.90, 325.14, 56.09
451.00, 457.81, 27.25
303.67, 464.49, 45.95
446.93, 497.98, 49.82
109.97, 472.84, 4.33
296.56, 377.07, 46.63
53.09, 354.74, 52.40
174.40, 453.43, 35.44
464.48, 494.81, 5.09
198.77, 462.45, 24.01
415.81, 447.66, 8.31
193.69, 304.65, 50.56
488.52, 499.72, 53.31
289.88, 342.51, 24.34
366.21, 498.96, 8.55
226.46, 250.19, 26.55
122.65, 424.60, 1.51
422.30, 493.17, 36.31
461.39, 462.53, 16.98
23.90, 471.00, 55.09
445.40, 452.89, 43.42
16.95, 139.66, 33.52
498.73, 499.22, 21.68
422.47, 435.45, 13.40
227.81, 404.38, 37.88
400.88, 403.13, 24.08
463.68, 481.97, 23.51
68.71, 235.27, 32.06
426.62, 482.82, 26.48
305.86, 441.72, 34.24
126.79, 394.17, 5.93
109.96, 424.56, 25.89
100.18, 127.28, 7.73
450.25, 469.50, 1.61
399.66, 493.53, 4.43
397.55, 437.76, 18.48
481.69, 494.82, 1.14
375.55, 395.55, 3.76
308.94, 444.12, 3.43
499.68, 499.73, 21.11
193.88, 208.48, 24.15
459.72, 474.54, 17.61
197.99, 461.98, 19.11
70.82, 210.69, 56.64
339.92, 482.85, 55.19
279.26, 462.23, 55.39
15.37, 362.42, 35.91
374.34, 445.70, 48.96
454.33, 488.85, 25.83
241.69, 349.14, 52.79
299.63, 483.92, 35.18
5.25, 25.80, 48.64
49.00, 233.31, 35.33
160.42, 493.45, 54.79
219.78, 278.23, 23.86
110.29, 284.27, 35.43
238.06, 242.69, 50.53
193.91, 222.49, 14.97
280.83, 496.92, 1.41
151.57, 435.79, 8.25
176.26, 301.93, 4.39
320.96, 422.35, 53.81
53.65, 424.03, 13.17
11.41, 140.02, 23.24
295.30, 381.64, 36.11
273.96, 325.74, 11.63
38.73, 124.54, 48.11
484.69, 490.88, 50.46
72.27, 234.98, 46.15
102.13, 470.03, 41.82
23.01, 71.67, 49.28
455.67, 485.32, 30.06
314.78, 324.17, 49.07
286.42, 328.02, 59.97
39.34, 198.27, 34.98
306.51, 350.27, 58.32
197.03, 319.01, 17.56
77.97, 341.12, 34.52
287.77, 446.83, 58.79
353.94, 462.06, 4.26
31.19, 423.13, 40.53
482.42, 487.83, 14.55
128.16, 178.73, 6.57
361.14, 454.51, 47.52
8.62, 307.63, 28.55
61.08, 247.17, 20.32
3.49, 324.81, 38.63
421.70, 449.35, 58.04
395.11, 451.66, 29.76
471.86, 481.94, 12.29
403.20, 484.72, 55.11
262.60, 390.60, 28.22
414.50, 464.18, 29.26
420.99, 450.26, 4.08
225.76, 334.23, 12.70
262.87, 423.31, 18.17
305.40, 374.81, 55.22
447.90, 461.50, 55.12
150.44, 410.25, 10.92
235.10, 390.53, 24.62
284.95, 338.81, 4.80
215.02, 216.64, 28.54
376.84, 440.81, 55.97
266.38, 452.20, 34.22
404.19, 418.64, 13.02
224.17, 454.12, 50.01
342.08, 362.25, 40.32
165.76, 240.28, 11.81
29.47, 235.26, 57.58
131.73, 393.29, 53.07
275.08, 340.78, 26.19
315.06, 399.23, 24.20
434.22, 454.28, 43.00
84.29, 374.79, 6.58
196.86, 478.44, 51.01
469.82, 479.23, 10.28
235.31, 240.73, 16.98
246.64, 289.09, 50.02
226.72, 277.29, 22.98
307.25, 487.28, 57.82
158.77, 228.39, 22.19
444.04, 461.44, 32.13
303.28, 497.44, 4.92
268.36, 293.16, 37.87
368.71, 464.53, 16.69
90.66, 481.17, 18.57
180.10, 481.34, 14.45
490.66, 491.02, 57.16
344.22, 397.18, 25.88
325.95, 344.94, 4.28
305.02, 487.52, 58.67
378.64, 416.37, 39.22
38.53, 299.02, 59.44
30.96, 149.70, 36.05
442.55, 458.44, 11.43
108.92, 196.93, 14.88
304.74, 312.99, 16.06
146.40, 427.23, 1.02
149.05, 399.99, 51.42
116.70, 215.36, 32.69
322.47, 470.84, 9.29
464.32, 489.16, 46.73
459.61, 467.70, 9.01
360.61, 478.41, 9.94
9.92, 418.40, 17.53
315.27, 450.35, 48.26
396.25, 469.42, 20.24
412.70, 432.01, 54.87
155.67, 443.15, 11.37
322.93, 380.76, 48.20
156.88, 488.89, 55.75
170.61, 340.95, 20.77
254.55, 355.08, 1.34
147.95, 315.85, 24.97
94.26, 293.70, 3.07
238.56, 461.09, 22.48
281.96, 309.52, 19.17
392.88, 466.75, 15.18
344.29, 445.90, 30.27
274.22, 414.77, 16.01
391.13, 417.84, 15.82
90.11, 267.05, 25.68
213.22, 284.73, 29.04
348.29, 458.85, 51.87
267.48, 375.79, 49.26
444.87, 447.50, 40.83
182.93, 293.06, 25.45
113.56, 471.55, 22.71
124.74, 434.44, 25.15
254.65, 406.08, 40.65
143.74, 413.14, 56.40
330.62, 339.41, 35.94
76.88, 221.81, 23.63
177.65, 409.74, 35.59
214.27, 496.15, 20.00
46.60, 193.48, 51.97
370.53, 435.05, 55.29
271.40, 403.70, 33.36
257.41, 264.30, 37.89
474.38, 485.74, 38.59
211.97, 254.61, 39.39
473.94, 488.20, 3.54
452.07, 490.24, 37.67
368.63, 462.11, 2.23
173.50, 486.68, 47.56
449.20, 470.15, 55.65
29.91, 304.06, 53.65
446.04, 493.77, 6.70
412.92, 497.28, 46.06
468.61, 483.72, 56.17
36.56, 207.46, 13.84
146.18, 493.87, 19.94
191.11, 300.16, 19.65
250.51, 479.49, 40.26
226.54, 315.34, 31.59
280.14, 450.26, 59.58
421.87, 422.18, 10.35
429.73, 450.89, 43.74
451.35, 468.91, 29.68
363.69, 384.00, 57.74
238.07, 239.77, 54.08
78.55, 447.19, 50.94
150.23, 170.02, 15.30
181.91, 216.96, 35.89
309.18, 425.38, 28.39
451.81, 473.55, 4.12
302.62, 464.36, 13.80
382.23, 451.34, 10.19
393.81, 476.94, 54.30
376.89, 431.81, 30.00
452.13, 481.71, 19.44
142.48, 429.33, 38.13
362.10, 494.86, 25.53
461.70, 461.96, 49.09
160.99, 204.69, 51.36
211.20, 328.94, 6.95
172.34, 192.87, 48.13
41.47, 364.84, 3.40
4.65, 324.32, 12.61
366.74, 380.26, 54.57
35.84, 203.46, 3.60
36.96, 391.00, 48.19
465.80, 485.88, 40.74
92.26, 481.58, 23.52
254.81, 340.42, 18.82
145.42, 247.50, 23.34
337.02, 493.44, 27.74
13.44, 91.50, 38.71
467.38, 471.78, 55.65
36.70, 248.28, 10.03
491.87, 496.78, 17.68
395.76, 439.97, 9.41
284.28, 391.86, 43.55
475.95, 480.04, 28.30
133.23, 345.21, 40.03
248.05, 428.74, 26.26
51.48, 137.77, 28.24
44.94, 86.14, 21.14
378.84, 442.33, 6.91
329.72, 433.59, 53.86
223.21, 382.71, 19.46
384.06, 450.07, 40.68
292.78, 365.18, 32.27
107.84, 462.05, 49.54
79.56, 158.52, 31.20
126.45, 281.19, 42.27
222.98, 244.99, 1.27
461.44, 491.41, 49.02
273.43, 349.54, 57.15
446.68, 498.62, 41.82
53.51, 150.78, 7.79
179.74, 236.57, 29.47
440.70, 459.32, 54.89
395.21, 448.22, 42.26
231.45, 355.17, 8.40
51.29, 345.60, 50.70
358.46, 404.64, 41.68
441.22, 458.49, 4.60
177.33, 212.24, 10.81
90.58, 248.06, 5.02
385.33, 467.95, 14.99
395.09, 446.35, 49.31
439.08, 440.13, 44.85
199.41, 368.84, 16.51
168.48, 374.37, 41.12
132.69, 183.16, 23.52
198.13, 330.39, 34.35
309.72, 488.38, 40.15
351.51, 434.13, 44.72
293.37, 369.93, 59.86
487.72, 494.86, 17.71
304.51, 431.79, 1.62
267.80, 308.27, 2.57
373.35, 400.70, 2.29
232.37, 300.58, 55.62
264.35, 295.58, 48.27
353.51, 447.05, 14.65
386.56, 387.64, 44.89
468.00, 481.38, 33.77
335.47, 380.36, 31.93
264.70, 453.22, 55.63
14.74, 436.51, 38.88
352.17, 499.52, 18.91
267.25, 399.77, 14.20
433.00, 482.86, 19.93
418.68, 435.18, 53.77
323.65, 464.52, 56.16
415.25, 456.28, 14.79
43.90, 401.13, 43.45
132.39, 396.40, 8.12
20.83, 442.62, 5.96
256.98, 432.81, 13.62
172.69, 345.89, 35.09
212.26, 471.95, 55.56
318.28, 354.65, 48.49
217.41, 404.32, 47.19
61.48, 104.83, 21.24
62.85, 256.49, 21.76
90.84, 463.74, 53.91
350.64, 443.68, 30.01
272.62, 288.74, 56.28
111.51, 326.90, 57.86
64.67, 120.88, 6.47
175.13, 255.94, 41.48
202.25, 285.28, 42.28
253.32, 422.15, 26.08
364.51, 435.31, 40.60
209.05, 400.51, 49.11
188.68, 199.97, 11.03
238.43, 385.90, 23.13
116.61, 335.77, 57.09
2.64, 315.40, 48.53
199.77, 466.06, 11.45
423.80, 429.27, 36.93
216.88, 453.11, 57.54
214.59, 361.62, 10.90
333.90, 412.72, 35.57
60.90, 449.43, 2.50
123.13, 148.40, 25.21
29.19, 85.16, 18.51
118.67, 357.00, 26.23
41.60, 213.76, 52.34
281.43, 399.94, 10.27
461.30, 470.41, 39.01
342.02, 379.21, 39.52
273.74, 440.11, 7.16
45.35, 230.50, 27.76
345.62, 359.83, 19.02
399.67, 406.06, 5.20
108.58, 415.30, 2.56
198.02, 327.26, 6.24
57.74, 233.69, 47.69
393.78, 395.05, 58.19
491.96, 495.47, 37.11
435.79, 497.49, 55.32
263.24, 316.09, 10.82
466.89, 499.94, 44.12
260.69, 333.58, 37.68
423.46, 461.50, 30.21
242.15, 352.67, 46.27
105.47, 108.92, 12.36
256.68, 349.05, 27.53
280.04, 416.98, 41.32
85.39, 442.19, 21.06
397.84, 441.55, 59.36
180.04, 274.42, 12.70
104.56, 396.88, 47.16
310.21, 316.69, 1.11
480.22, 484.86, 15.55
353.47, 369.86, 12.60
401.27, 439.50, 58.62
191.40, 352.15, 53.93
155.89, 211.92, 38.98
319.59, 339.66, 30.07
13.70, 264.99, 52.66
355.25, 465.23, 35.06
421.54, 454.50, 28.72
443.17, 474.72, 26.84
426.85, 467.03, 43.70
433.06, 467.30, 38.90
385.08, 391.23, 1.21
440.20, 493.27, 59.82
46.85, 307.30, 10.73
321.02, 441.58, 4.40
309.61, 416.63, 2.63
5.33, 175.48, 43.93
317.70, 413.69, 8.27
343.61, 449.30, 56.42
267.60, 464.32, 20.50
460.26, 477.65, 17.10
284.10, 430.65, 39.32
366.91, 390.15, 13.28
139.90, 172.27, 27.53
94.00, 212.05, 13.02
460.11, 472.48, 18.44
159.26, 249.42, 1.12
443.75, 481.16, 20.98
117.83, 225.68, 57.28
112.75, 452.03, 3.10
45.67, 466.79, 5.72
224.36, 406.10, 10.47
406.12, 497.72, 52.57
320.05, 416.77, 1.33
153.16, 476.47, 2.49
494.28, 494.93, 57.55
445.23, 489.16, 8.51
412.84, 446.19, 13.92
293.68, 483.02, 55.03
455.05, 480.68, 20.04
162.34, 318.11, 21.72
159.86, 225.63, 39.22
281.81, 468.83, 43.13
485.35, 485.53, 4.33
56.06, 284.41, 41.83
305.19, 323.60, 38.67
233.62, 404.44, 30.74
130.33, 429.67, 38.66
300.49, 326.97, 29.03
317.71, 487.68, 11.20
144.12, 496.10, 34.41
75.99, 391.68, 30.69
244.97, 366.26, 58.71
461.94, 489.54, 54.67
289.77, 375.42, 23.10
343.59, 456.20, 22.31
481.26, 493.67, 18.90
49.27, 62.39, 22.32
252.97, 356.46, 49.69
187.96, 264.56, 4.82
399.69, 480.82, 16.14
479.61, 491.15, 32.57
115.71, 413.59, 25.03
434.37, 453.47, 27.83
406.74, 415.97, 55.33
432.05, 496.74, 0.17
118.95, 452.66, 55.03
238.21, 396.12, 44.66
225.53, 323.19, 49.23
314.66, 476.84, 46.76
334.59, 352.96, 11.52
1.97, 41.41, 47.68
451.17, 455.30, 43.28
332.19, 426.66, 19.12
147.13, 269.71, 37.38
433.77, 453.00, 56.48
282.75, 381.55, 31.26
281.50, 475.21, 33.20
91.80, 203.37, 56.66
481.80, 495.45, 32.19
104.31, 180.14, 27.51
433.79, 496.08, 31.88
345.87, 473.29, 50.30
129.22, 136.34, 0.87
335.92, 474.14, 11.27
113.09, 286.79, 34.88
420.27, 453.74, 8.03
283.82, 336.83, 39.33
227.38, 333.72, 48.86
330.62, 471.47, 28.66
348.29, 375.99, 57.13
246.57, 303.03, 46.25
16.13, 345.70, 29.14
83.91, 203.09, 34.66
418.15, 495.25, 38.67
493.91, 497.43, 31.98
121.30, 362.12, 38.13
180.55, 411.06, 23.84
246.39, 286.01, 51.74
257.68, 296.34, 9.91
295.65, 441.11, 28.17
195.59, 465.10, 35.71
239.08, 375.65, 36.55
137.44, 226.82, 42.71
407.62, 461.80, 47.39
422.22, 464.04, 50.06
237.43, 364.01, 36.70
229.24, 403.69, 6.50
274.93, 394.42, 45.14
424.91, 425.37, 29.34
394.96, 428.93, 51.52
5.48, 145.73, 46.02
221.88, 344.35, 38.80
54.41, 486.90, 39.93
82.93, 138.77, 38.98
430.11, 458.33, 24.06
282.27, 498.41, 17.91
34.32, 416.18, 30.43
371.07, 407.91, 59.75
43.44, 462.78, 18.11
219.46, 472.51, 10.93
477.84, 487.26, 15.08
380.18, 463.58, 43.18
1.28, 29.55, 47.52
285.96, 443.67, 50.50
445.08, 481.91, 0.33
53.90, 308.89, 5.67
302.29, 474.85, 4.16
393.92, 422.74, 42.63
399.40, 459.04, 42.90
146.18, 450.20, 22.20
188.33, 412.60, 9.76
118.81, 439.19, 55.64
172.70, 323.61, 17.22
471.40, 474.81, 1.48
452.13, 465.44, 13.09
207.88, 400.82, 14.29
298.97, 430.31, 20.59
214.19, 226.23, 5.50
136.28, 222.51, 50.06
15.35, 304.17, 34.88
325.10, 441.41, 34.00
345.61, 396.02, 24.03
358.52, 389.40, 39.83
36.36, 189.28, 26.75
458.85, 462.82, 6.86
442.66, 450.51, 4.71
247.08, 256.55, 0.16
461.35, 477.30, 36.14
163.00, 487.84, 3.71
457.98, 494.13, 9.32
221.00, 471.72, 35.05
422.73, 434.83, 17.56
55.28, 132.41, 21.06
236.70, 336.96, 36.93
99.44, 345.03, 17.76
355.98, 477.65, 28.81
223.14, 363.96, 12.42
327.10, 429.05, 44.45
274.39, 373.13, 2.48
146.84, 225.55, 14.84
313.06, 494.19, 29.80
382.17, 423.61, 5.36
431.39, 474.33, 27.56
486.43, 496.52, 56.34
3.69, 403.79, 59.58
198.89, 392.91, 57.06
52.34, 180.21, 43.66
106.20, 315.22, 8.60
222.10, 250.48, 1.10
192.02, 219.68, 37.57
185.05, 385.90, 9.73
314.97, 413.84, 6.26
212.44, 278.88, 25.94
349.38, 439.56, 22.27
213.60, 290.23, 50.16
9.08, 422.56, 39.57
316.80, 325.98, 26.06
465.41, 477.29, 21.13
114.17, 293.99, 55.96
78.60, 339.67, 17.83
77.14, 145.92, 8.95
199.91, 434.05, 27.18
430.63, 448.04, 3.41
380.47, 457.45, 25.54
17.88, 64.75, 27.94
259.03, 485.50, 16.86
454.02, 461.58, 12.97
201.18, 471.67, 27.06
218.76, 428.67, 5.64
244.90, 424.20, 12.78
340.78, 410.65, 41.93
380.46, 408.83, 45.16
36.68, 457.92, 18.86
471.31, 479.40, 49.55
153.71, 370.90, 33.53
17.96, 236.77, 9.33
86.89, 202.81, 22.98
292.03, 422.21, 33.40
60.05, 186.70, 56.10
435.03, 496.95, 59.30
341.85, 457.70, 3.91
238.69, 491.83, 56.09
171.32, 441.34, 54.95
312.78, 361.85, 19.45
457.90, 467.52, 15.83
15.03, 130.19, 13.72
259.10, 271.46, 10.43
179.45, 336.83, 29.84
188.76, 256.77, 12.78
144.70, 337.30, 51.25
331.11, 439.43, 5.12
167.61, 221.44, 29.24
495.36, 499.33, 12.28
318.92, 402.78, 23.14
302.06, 489.45, 33.33
214.19, 324.32, 16.05
211.26, 463.28, 18.96
241.49, 333.84, 30.85
243.58, 343.23, 16.03
124.67, 443.48, 42.58
373.21, 434.85, 6.57
17.64, 210.25, 47.81
447.65, 497.34, 34.36
173.21, 367.35, 8.36
75.98, 130.74, 46.28
383.71, 451.06, 32.45
287.82, 474.23, 44.76
161.09, 173.24, 8.06
461.21, 476.76, 39.47
324.44, 389.80, 40.02
112.81, 193.80, 49.00
104.80, 189.40, 39.75
199.12, 213.86, 43.16
375.06, 412.98, 53.60
156.48, 214.92, 42.03
476.00, 493.42, 8.99
73.06, 217.27, 46.17
154.48, 196.43, 5.21
199.00, 227.78, 50.95
165.01, 272.46, 34.51
25.74, 331.90, 4.17
427.24, 485.67, 7.46
463.18, 497.11, 8.17
90.04, 344.14, 10.99
276.91, 418.33, 11.68
240.17, 268.19, 6.38
480.71, 497.37, 11.83
123.48, 474.82, 54.63
371.59, 478.55, 39.21
431.52, 493.04, 16.11
412.37, 444.87, 56.68
257.67, 412.78, 7.11
268.39, 496.89, 13.68
58.79, 477.16, 26.06
56.73, 476.98, 28.51
181.75, 214.66, 43.59
327.33, 327.45, 30.13
42.57, 250.33, 21.16
31.82, 472.51, 5.23
191.56, 371.96, 20.35
306.22, 468.93, 32.99
72.85, 488.49, 45.78
363.84, 483.72, 37.83
104.24, 156.49, 27.70
225.44, 283.81, 14.91
75.12, 75.23, 32.01
467.59, 482.87, 54.16
99.86, 461.76, 23.78
210.17, 324.79, 11.38
282.74, 480.55, 42.96
252.89, 458.71, 18.88
161.47, 468.70, 54.93
169.44, 179.73, 39.23
212.79, 349.99, 51.53
341.30, 352.59, 32.51
35.75, 316.20, 18.11
421.69, 441.39, 37.01
91.95, 375.47, 25.46
127.55, 420.26, 22.80
386.03, 428.32, 51.23
125.69, 487.56, 15.68
29.65, 81.38, 39.26
170.19, 368.78, 31.56
59.51, 178.95, 26.74
126.87, 374.01, 57.31
484.94, 490.97, 43.46
145.48, 259.25, 29.99
140.83, 179.20, 14.37
77.70, 310.77, 10.36
324.26, 394.38, 32.12
349.47, 467.31, 25.77
213.23, 278.48, 8.38
442.12, 466.75, 19.34
17.12, 161.51, 58.92
481.95, 482.64, 54.89
0.09, 28.24, 5.26
242.96, 253.33, 57.06
266.01, 323.61, 2.63
197.27, 475.58, 41.40
307.82, 462.89, 47.12
162.05, 295.41, 17.73
117.92, 135.40, 32.57
156.01, 363.01, 18.28
442.63, 463.19, 56.79
352.15, 460.30, 38.83
354.24, 383.18, 54.59
62.04, 176.21, 32.44
22.64, 384.08, 39.95
70.16, 334.33, 30.04
205.71, 495.70, 48.32
419.28, 451.84, 47.01
357.66, 402.40, 0.12
491.06, 499.28, 57.21
189.61, 444.08, 56.27
492.54, 499.85, 4.15
317.71, 457.66, 21.94
311.79, 327.70, 19.66
115.73, 341.27, 55.26
206.95, 458.82, 1.28
363.28, 428.53, 48.58
4.73, 236.03, 28.79
58.23, 140.73, 31.15
470.12, 493.34, 24.11
158.13, 199.80, 48.74
329.72, 354.22, 46.20
340.25, 340.62, 7.07
151.57, 265.51, 29.41
437.25, 491.69, 38.92
464.43, 464.63, 9.40
327.98, 415.67, 46.12
203.80, 237.67, 0.70
51.39, 264.11, 56.65
362.21, 428.93, 23.36
81.30, 395.22, 38.99
159.22, 379.73, 50.07
360.38, 403.92, 30.17
196.80, 426.95, 45.75
157.61, 458.69, 17.14
487.61, 488.44, 9.10
396.83, 474.48, 0.29
3.48, 393.79, 24.37
115.97, 316.55, 22.27
48.10, 189.40, 22.10
472.35, 497.48, 40.01
375.73, 499.05, 34.54
18.19, 84.25, 32.49
120.47, 426.51, 24.85
147.83, 213.40, 27.57
326.93, 496.63, 54.83
474.04, 477.20, 56.13
249.78, 315.28, 41.76
240.10, 400.89, 58.51
176.64, 204.68, 9.11
27.07, 439.42, 53.46
388.78, 467.07, 24.85
286.40, 384.04, 32.34
70.47, 128.85, 13.12
428.31, 465.33, 37.23
72.82, 198.96, 27.45
138.75, 491.84, 39.54
493.26, 494.86, 13.61
94.41, 313.75, 12.52
111.09, 135.60, 35.86
110.25, 491.53, 24.43
384.70, 496.53, 18.30
297.28, 302.56, 46.57
28.99, 85.50, 12.04
344.81, 490.31, 49.56
216.93, 438.45, 44.62
382.11, 466.43, 9.09
245.77, 366.16, 10.52
332.48, 381.95, 57.25
143.42, 494.86, 25.49
60.40, 337.14, 53.98
221.93, 226.50, 22.59
242.18, 456.80, 33.93
78.45, 138.93, 0.26
75.33, 267.35, 2.68
60.75, 408.87, 10.89
493.62, 497.54, 12.85
316.71, 359.55, 48.77
285.82, 371.13, 20.10
298.26, 324.90, 27.64
240.44, 361.49, 40.80
52.28, 234.84, 56.90
466.52, 492.97, 23.62
366.05, 466.48, 39.44
186.25, 328.62, 24.52
406.43, 471.87, 31.54
370.57, 377.77, 35.77
461.36, 476.79, 11.97
405.73, 436.77, 2.37
323.45, 415.96, 33.22
351.79, 406.67, 1.26
308.68, 342.78, 57.57
92.17, 264.45, 36.85
444.26, 461.71, 24.45
93.36, 361.61, 19.02
47.43, 82.63, 58.87
404.10, 493.90, 33.75
316.72, 339.98, 21.94
239.95, 287.41, 49.70
229.97, 464.75, 11.62
331.92, 352.29, 3.32
52.31, 315.91, 10.79
479.81, 488.14, 49.53
164.27, 474.34, 19.86
257.36, 328.61, 49.32
288.52, 497.21, 8.86
374.10, 429.07, 10.92
85.67, 108.02, 46.42
126.91, 190.59, 1.37
66.15, 449.70, 39.32
480.12, 491.90, 20.56
392.33, 497.94, 32.05
411.50, 454.59, 16.46
481.17, 482.74, 39.59
65.39, 308.07, 55.58
428.22, 464.62, 6.25
274.12, 356.21, 24.97
220.27, 300.79, 4.76
459.36, 484.40, 48.43
48.51, 48.89, 22.81
117.45, 269.43, 7.01
339.66, 388.55, 33.65
339.72, 389.48, 1.13
451.69, 465.17, 23.40
433.09, 496.07, 54.72
396.25, 409.95, 35.59
0.18, 108.48, 19.43
12.25, 248.44, 2.10
124.52, 327.50, 45.98
290.96, 452.63, 26.09
396.60, 400.61, 47.59
99.28, 119.46, 34.18
225.58, 499.41, 45.41
433.21, 441.74, 49.49
18.10, 382.98, 14.34
114.23, 248.96, 2.19
186.22, 196.42, 57.96
85.91, 414.07, 56.69
380.66, 385.84, 50.70
233.22, 263.34, 22.42
147.69, 149.73, 11.11
0.92, 64.52, 36.20
189.15, 394.84, 50.30
87.51, 180.28, 24.97
378.66, 460.95, 30.90
203.39, 328.71, 6.52
465.68, 468.25, 32.66
367.11, 496.64, 30.48
294.47, 390.89, 27.75
35.33, 273.12, 47.97
190.18, 492.18, 40.34
81.26, 235.57, 56.67
231.31, 281.62, 37.46
317.13, 441.39, 42.18
250.98, 488.77, 10.29
460.92, 484.01, 57.79
397.02, 469.15, 33.17
236.61, 289.44, 17.36
251.53, 262.59, 30.28
236.85, 291.87, 30.16
170.54, 339.75, 53.83
325.10, 387.94, 47.35
470.55, 480.06, 40.79
278.39, 326.77, 26.86
172.03, 409.37, 24.75
129.69, 237.29, 2.71
22.34, 180.80, 53.22
326.62, 415.91, 34.71
275.25, 347.22, 56.06
441.22, 469.85, 21.97
14.33, 260.39, 4.88
306.97, 480.27, 56.77
484.07, 488.86, 54.42
187.29, 286.20, 21.00
248.27, 334.64, 21.46
455.00, 463.42, 53.25
345.41, 433.39, 33.89
349.70, 408.48, 8.88
262.44, 385.73, 27.57
240.23, 385.06, 24.23
319.97, 335.27, 21.31
15.55, 82.02, 8.21
261.64, 426.11, 15.99
322.14, 442.51, 7.11
282.88, 334.10, 42.08
421.80, 453.26, 27.98
231.44, 279.30, 36.30
22.74, 378.26, 32.04
76.11, 456.37, 41.77
101.98, 280.82, 27.29
284.26, 342.91, 13.40
50.16, 62.97, 48.35
284.68, 316.98, 49.24
495.18, 496.04, 17.83
33.45, 198.94, 16.68
457.58, 499.21, 45.18
157.99, 201.94, 16.98
126.03, 470.78, 3.46
42.70, 310.25, 10.36
71.79, 306.63, 19.45
348.99, 493.87, 4.14
215.63, 401.43, 24.80
147.57, 267.98, 5.69
376.16, 468.21, 14.23
392.25, 421.19, 18.02
332.19, 493.14, 7.16
195.88, 243.42, 5.59
81.55, 122.05, 0.63
93.37, 182.85, 59.56
441.45, 477.22, 39.74
3.92, 178.27, 2.38
370.72, 379.38, 6.47
251.35, 389.74, 48.46
465.50, 468.50, 4.43
75.44, 118.50, 19.26
49.36, 52.22, 24.61
385.74, 455.60, 53.61
210.15, 466.47, 22.10
380.09, 396.47, 36.06
89.22, 409.44, 44.36
390.71, 473.70, 24.40
269.55, 491.91, 34.77
238.41, 449.93, 30.00
296.82, 423.78, 38.83
287.65, 346.23, 48.56
267.85, 309.83, 51.55
110.10, 396.98, 32.02
92.79, 236.99, 11.55
498.28, 498.40, 32.10
47.11, 57.21, 36.59
332.45, 457.67, 9.32
135.79, 311.88, 55.29
310.17, 364.01, 7.14
160.97, 340.79, 7.17
105.93, 241.94, 14.73
275.60, 363.22, 46.41
456.59, 463.22, 23.02
283.15, 439.43, 40.04
273.60, 364.59, 53.57
69.60, 108.12, 7.73
482.30, 486.24, 46.45
390.62, 429.98, 34.05
191.47, 288.42, 48.54
347.30, 457.33, 43.05
317.50, 365.05, 26.40
330.35, 404.97, 7.42
236.49, 323.41, 13.39
56.76, 209.42, 36.48
231.70, 476.70, 9.16
129.34, 200.74, 57.44
249.08, 316.11, 35.88
378.00, 394.91, 59.79
89.18, 313.83, 39.37
157.17, 496.64, 41.09
457.12, 471.95, 0.68
337.05, 432.67, 0.67
78.22, 182.92, 32.48
0.41, 486.32, 24.40
178.41, 290.50, 32.96
405.59, 477.06, 15.26
335.80, 409.84, 14.50
158.44, 414.23, 58.86
348.05, 474.17, 33.04
320.22, 367.02, 18.00
139.62, 196.54, 14.37
419.71, 420.78, 32.93
168.08, 365.55, 2.99
105.75, 494.68, 51.83
89.57, 183.45, 4.87
28.31, 227.37, 16.83
426.11, 438.05, 15.69
37.20, 132.95, 52.03
450.03, 484.98, 17.44
499.85, 499.93, 48.63
279.55, 374.45, 26.88
24.35, 91.87, 6.68
75.43, 332.24, 46.69
195.91, 326.96, 19.86
52.75, 176.85, 1.01
153.77, 356.05, 46.94
90.64, 201.85, 50.23
17.14, 41.60, 48.80
343.61, 388.72, 11.42
372.33, 458.18, 30.29
248.07, 386.71, 19.33
323.33, 486.64, 19.39
486.65, 491.40, 5.41
46.66, 232.15, 9.77
133.35, 483.73, 6.10
440.86, 489.13, 54.13
169.39, 287.39, 35.00
383.16, 385.14, 12.46
141.65, 207.75, 22.92
366.13, 421.66, 58.87
249.00, 406.09, 43.81
442.34, 484.17, 40.22
396.33, 497.79, 59.50
24.90, 335.52, 47.80
65.84, 261.29, 10.82
232.73, 255.40, 35.86
31.79, 407.65, 13.44
196.48, 208.75, 46.64
301.25, 360.55, 21.61
118.00, 269.66, 7.89
12.54, 161.07, 19.80
462.34, 493.94, 22.17
175.74, 177.26, 47.60
21.87, 194.61, 56.96
410.26, 412.84, 15.28
288.66, 384.11, 16.32
35.33, 326.95, 24.12
165.47, 341.22, 17.06
310.62, 376.70, 42.68
101.93, 435.52, 32.84
122.09, 197.76, 7.72
321.13, 435.19, 14.65
272.06, 292.97, 11.31
467.12, 477.74, 34.69
76.37, 115.80, 43.52
317.21, 407.34, 38.94
8.07, 410.31, 58.88
227.64, 399.30, 20.37
467.22, 473.97, 3.03
278.28, 359.69, 6.19
215.03, 280.25, 50.50
216.94, 355.55, 57.13
398.01, 470.31, 43.33
335.03, 439.23, 31.47
217.34, 407.63, 20.57
400.31, 466.06, 59.40
484.18, 492.90, 27.96
288.25, 424.87, 50.74
351.99, 383.43, 32.95
57.04, 371.33, 30.42
249.96, 364.13, 0.34
461.30, 481.20, 6.54
264.02, 316.81, 5.19
361.98, 418.14, 15.24
240.76, 402.15, 50.26
225.49, 449.16, 40.37
35.25, 36.50, 12.48
475.65, 476.85, 3.21
398.45, 484.23, 44.07
432.57, 491.48, 44.79
317.74, 379.34, 56.74
2.75, 296.41, 48.10
496.02, 497.15, 19.22
238.93, 420.93, 58.58
393.92, 449.56, 56.74
428.24, 492.65, 3.90
178.84, 368.83, 33.73
55.74, 120.58, 17.85
335.58, 464.70, 4.64
390.01, 498.89, 44.64
409.16, 465.65, 31.32
109.42, 284.05, 46.36
183.25, 363.86, 24.75
398.25, 459.20, 45.99
360.84, 421.25, 12.66
346.84, 444.49, 38.14
317.90, 445.43, 40.03
360.21, 485.25, 17.18
61.10, 420.92, 53.51
169.62, 180.70, 15.60
446.99, 490.82, 41.99
20.05, 365.16, 21.00
326.32, 337.06, 40.30
232.02, 317.41, 16.10
376.64, 397.99, 9.63
173.25, 231.62, 30.30
288.48, 320.40, 43.83
286.42, 360.10, 30.23
491.82, 492.05, 52.99
264.53, 483.15, 18.86
59.48, 136.49, 1.63
311.37, 356.84, 4.96
116.29, 485.88, 7.04
229.22, 229.35, 14.99
330.01, 347.10, 49.69
405.88, 492.47, 14.64
174.55, 250.38, 11.39
187.03, 348.52, 55.79
449.66, 483.27, 54.13
185.02, 368.14, 13.05
327.17, 386.05, 41.59
347.71, 366.92, 10.31
285.62, 416.87, 43.50
160.63, 263.23, 49.73
1.75, 114.29, 47.54
238.06, 375.58, 49.71
406.45, 494.23, 32.23
341.87, 390.66, 3.50
491.32, 491.75, 44.66
109.58, 452.73, 52.51
387.84, 439.29, 35.95
39.83, 49.99, 16.45
41.76, 62.83, 13.54
136.17, 323.56, 43.11
287.53, 355.70, 29.26
110.68, 296.54, 21.54
100.79, 260.62, 33.50
261.27, 431.67, 11.66
85.82, 391.52, 46.63
121.56, 197.52, 26.78
149.42, 373.32, 25.87
303.67, 489.89, 13.43
138.90, 371.80, 56.91
173.82, 221.45, 29.29
288.67, 390.15, 12.55
181.63, 314.11, 35.82
441.82, 470.61, 52.31
367.75, 471.09, 22.26
3.02, 317.66, 25.43
364.53, 391.97, 51.01
247.60, 479.57, 42.19
143.38, 471.19, 47.96
272.27, 385.52, 32.32
411.22, 493.48, 42.66
340.13, 414.63, 32.59
481.58, 488.67, 39.98
454.13, 465.34, 35.12
204.99, 265.69, 4.40
6.84, 75.38, 41.85
199.90, 234.74, 7.69
109.04, 204.27, 45.65
244.00, 446.10, 58.62
8.67, 476.47, 53.13
327.46, 463.66, 6.17
189.46, 283.01, 34.95
96.67, 378.92, 33.32
93.92, 183.92, 14.38
293.48, 409.83, 24.74
264.98, 425.94, 41.58
381.77, 408.71, 25.52
352.92, 472.56, 26.35
413.40, 416.60, 17.11
205.71, 322.80, 54.57
381.98, 396.86, 28.99
460.36, 462.87, 49.42
407.51, 408.72, 26.34
495.42, 498.52, 36.66
150.87, 444.90, 34.73
102.30, 337.40, 49.62
435.94, 446.39, 27.75
96.48, 165.78, 3.39
222.27, 260.49, 2.08
134.56, 399.20, 34.75
384.81, 406.19, 42.88
38.42, 407.58, 43.79
281.55, 485.75, 28.80
269.36, 443.06, 0.97
387.58, 449.71, 27.64
152.03, 397.60, 18.14
408.32, 475.78, 58.06
337.23, 456.90, 20.71
316.29, 396.72, 27.72
120.69, 247.14, 18.55
249.67, 364.51, 50.60
421.08, 426.23, 12.30
226.72, 478.15, 44.49
271.26, 283.92, 7.94
233.47, 241.96, 20.10
408.96, 457.53, 22.18
492.19, 492.62, 44.43
275.80, 351.31, 23.01
181.10, 370.11, 19.95
262.96, 283.75, 20.08
110.05, 466.86, 35.19
186.44, 469.11, 16.90
429.04, 474.01, 19.46
50.51, 59.48, 38.02
415.63, 430.22, 41.58
475.16, 496.73, 7.08
318.45, 489.02, 57.78
35.46, 405.00, 13.54
187.48, 297.77, 24.31
0.21, 163.77, 24.18
162.48, 384.54, 13.41
375.56, 405.79, 48.02
378.90, 416.80, 54.98
71.34, 210.23, 47.32
50.37, 208.08, 37.76
223.06, 313.06, 20.41
459.58, 462.42, 10.10
35.29, 370.25, 21.58
97.90, 245.03, 30.55
275.89, 322.32, 47.36
102.08, 323.99, 57.49
53.96, 456.85, 23.28
3.42, 190.07, 45.44
75.56, 434.24, 10.05
197.45, 320.00, 58.06
496.54, 499.31, 8.60
19.07, 223.98, 3.78
99.20, 422.67, 58.56
434.23, 456.61, 56.21
117.98, 193.51, 51.32
196.26, 298.44, 4.89
442.30, 474.20, 14.26
425.28, 447.87, 41.87
445.51, 487.80, 25.05
15.02, 403.22, 30.66
139.27, 458.63, 0.95
116.99, 447.45, 17.32
44.66, 457.57, 55.94
256.51, 262.65, 32.87
418.47, 483.29, 45.37
465.04, 466.61, 52.00
87.63, 338.83, 41.09
228.03, 297.74, 41.26
438.72, 464.25, 17.59
110.89, 165.29, 38.31
394.80, 466.05, 38.63
200.02, 209.24, 20.40
304.16, 365.69, 52.03
44.10, 321.44, 31.67
371.90, 427.24, 4.84
164.25, 333.11, 13.62
404.25, 482.42, 59.74
483.92, 494.62, 47.76
14.68, 47.74, 24.15
272.73, 428.66, 1.98
375.87, 452.72, 32.38
465.15, 487.51, 20.35
402.75, 409.25, 47.43
66.67, 479.82, 16.59
234.35, 333.70, 48.82
362.65, 459.93, 52.57
354.44, 447.66, 44.40
354.87, 448.24, 52.18
470.43, 484.68, 4.72
338.42, 350.20, 44.85
164.89, 392.70, 5.60
350.76, 367.36, 20.25
159.60, 435.85, 15.85
446.07, 458.25, 32.78
98.83, 167.87, 39.73
427.82, 433.07, 9.80
381.51, 447.68, 15.78
376.86, 418.66, 17.76
60.29, 305.73, 1.79
102.37, 333.78, 13.79
495.33, 499.85, 38.43
81.65, 253.64, 23.80
110.72, 499.22, 37.79
103.40, 296.62, 49.50
68.68, 126.65, 6.37
253.36, 313.47, 3.48
257.87, 260.99, 41.66
138.48, 395.25, 10.88
6.84, 305.47, 35.16
404.00, 486.43, 26.18
186.82, 335.37, 9.82
215.66, 269.92, 0.96
178.76, 498.96, 14.62
20.83, 228.44, 11.77
355.51, 414.14, 9.25
130.05, 441.27, 2.60
87.25, 230.63, 17.59
36.09, 202.19, 42.88
126.12, 338.85, 4.51
475.16, 483.95, 55.50
379.89, 431.49, 56.65
94.49, 299.88, 38.75
354.75, 398.57, 59.49
287.68, 331.71, 37.80
247.63, 432.38, 19.71
352.93, 398.77, 4.03
110.71, 334.95, 19.31
185.78, 409.43, 40.23
8.00, 173.00, 44.80
296.85, 447.82, 55.39
447.84, 486.77, 28.30
109.64, 281.51, 11.02
419.75, 451.81, 4.89
307.64, 457.29, 59.23
399.20, 495.54, 29.28
24.05, 447.06, 19.69
25.77, 253.80, 43.30
465.16, 481.18, 3.57
117.42, 373.14, 20.18
192.37, 409.94, 57.83
71.34, 242.20, 50.30
320.28, 345.25, 37.25
332.47, 382.60, 53.37
380.92, 422.36, 4.98
294.20, 472.89, 21.52
121.27, 496.09, 39.55
48.52, 232.08, 13.30
103.61, 291.12, 57.78
133.84, 361.40, 28.90
228.89, 335.65, 53.36
152.15, 297.78, 18.32
265.98, 491.86, 30.43
156.44, 235.95, 4.64
204.11, 289.79, 5.02
353.33, 406.47, 42.02
317.87, 479.36, 44.74
242.56, 335.62, 48.90
303.25, 318.23, 44.04
131.43, 338.44, 19.93
274.41, 325.86, 57.70
334.41, 443.18, 21.85
364.57, 387.43, 45.60
108.07, 412.62, 57.04
214.50, 440.91, 24.85
289.51, 499.42, 30.67
320.96, 463.79, 29.29
18.36, 380.31, 21.91
116.17, 139.36, 7.47
137.75, 257.20, 32.09
322.93, 348.69, 36.86
202.86, 391.41, 2.91
138.28, 272.01, 41.83
288.55, 457.89, 41.22
206.23, 328.33, 22.39
291.82, 344.21, 12.20
207.82, 287.14, 38.51
485.26, 491.23, 7.19
288.80, 484.55, 37.83
3.68, 345.23, 53.18
22.37, 207.99, 9.95
53.19, 442.76, 6.17
230.93, 453.18, 7.12
229.79, 271.95, 16.83
326.84, 435.95, 54.41
238.91, 240.05, 52.63
443.53, 472.59, 32.02
326.99, 433.10, 42.90
73.99, 117.78, 34.37
186.77, 248.05, 59.17
278.36, 362.88, 42.61
290.25, 311.93, 31.19
328.35, 425.13, 57.63
350.38, 400.52, 25.74
485.14, 499.04, 35.94
226.89, 304.63, 18.79
22.32, 384.41, 19.05
385.27, 480.15, 28.87
169.36, 478.18, 15.52
304.54, 327.50, 48.90
424.54, 461.02, 31.22
319.97, 488.97, 31.37
235.71, 393.45, 35.12
94.65, 167.06, 46.72
429.21, 480.86, 2.13
52.39, 141.32, 43.36
51.00, 277.23, 59.84
483.21, 492.81, 8.13
26.35, 372.90, 7.91
468.09, 470.03, 55.09
311.35, 361.70, 47.59
70.93, 457.40, 56.85
62.01, 186.42, 18.84
227.52, 378.83, 32.17
347.77, 434.75, 24.17
234.38, 308.47, 15.44
147.82, 203.45, 26.76
19.26, 89.71, 53.96
354.61, 453.52, 14.95
270.29, 462.71, 26.20
329.39, 494.19, 31.88
325.75, 414.90, 45.64
275.23, 498.98, 26.47
294.58, 439.78, 7.08
372.88, 413.23, 37.31
498.67, 499.29, 24.63
329.34, 460.51, 0.85
318.34, 488.19, 18.72
279.11, 413.73, 49.28
190.74, 418.40, 11.95
416.18, 462.84, 56.34
172.17, 276.10, 47.83
384.59, 418.65, 51.22
440.99, 490.95, 49.15
378.20, 441.01, 37.01
201.35, 380.34, 22.86
158.79, 491.51, 9.85
459.91, 490.37, 11.53
359.36, 376.95, 4.75
403.12, 406.05, 7.33
57.08, 125.70, 1.40
412.03, 462.05, 18.10
242.55, 355.41, 36.73
428.37, 480.35, 6.66
38.82, 44.17, 36.04
242.15, 476.76, 49.05
400.57, 445.60, 1.34
119.42, 430.13, 53.93
109.68, 115.31, 28.68
342.62, 395.74, 51.31
244.83, 421.36, 15.93
5.80, 425.67, 10.35
497.99, 499.48, 34.31
108.10, 252.22, 42.81
306.41, 421.24, 39.19
429.96, 458.60, 45.97
323.86, 454.84, 55.90
175.12, 310.68, 56.07
333.57, 466.66, 21.65
224.57, 341.65, 36.35
371.41, 471.42, 23.06
392.88, 430.73, 31.76
140.40, 479.14, 27.05
113.79, 169.75, 40.66
322.38, 373.75, 29.59
322.46, 477.52, 42.84
190.69, 193.83, 8.06
259.65, 314.06, 36.97
61.27, 259.04, 47.98
311.27, 393.06, 59.92
151.66, 467.59, 29.14
126.10, 473.90, 0.35
411.22, 466.63, 49.10
439.50, 496.64, 58.44
401.59, 428.76, 19.98
82.23, 447.98, 59.35
409.70, 462.06, 45.00
385.52, 494.83, 38.34
226.11, 280.87, 32.39
416.53, 443.97, 16.44
483.81, 489.01, 23.24
7.14, 272.29, 36.76
187.34, 456.33, 23.91
184.33, 340.44, 8.17
134.33, 446.98, 10.60
185.54, 375.37, 4.54
400.11, 475.55, 21.23
59.98, 402.13, 30.60
487.85, 497.00, 54.44
228.75, 459.85, 46.96
199.87, 369.92, 46.52
115.89, 301.49, 45.62
326.47, 473.91, 59.78
381.65, 392.13, 59.50
436.63, 453.87, 59.83
200.08, 478.11, 13.72
454.57, 496.17, 50.33
239.14, 270.55, 39.18
379.16, 451.02, 20.68
334.38, 404.09, 9.05
11.54, 332.62, 11.39
109.76, 480.27, 42.07
463.96, 477.78, 21.90
304.90, 325.38, 2.12
90.58, 450.15, 2.96
126.07, 307.34, 47.72
373.30, 375.93, 58.98
366.86, 379.41, 6.01
272.15, 307.14, 1.06
149.22, 321.33, 20.94
176.82, 321.57, 47.91
235.45, 475.50, 51.48
432.14, 490.27, 35.40
264.23, 497.60, 11.77
20.87, 453.72, 14.74
284.74, 424.49, 26.85
433.65, 492.19, 21.56
412.96, 486.09, 44.10
100.13, 487.47, 49.91
126.48, 467.26, 48.09
61.95, 461.95, 35.84
461.70, 488.70, 53.61
395.89, 397.28, 10.52
490.72, 498.78, 14.79
312.14, 418.84, 10.73
250.21, 283.44, 45.78
415.10, 469.08, 3.72
79.84, 298.54, 37.72
388.45, 419.79, 19.34
418.99, 497.60, 14.31
415.11, 431.22, 14.15
318.46, 422.89, 33.48
25.10, 144.66, 6.82
61.82, 420.91, 30.93
347.85, 499.19, 8.79
170.32, 473.58, 51.94
487.64, 491.50, 16.86
0.44, 383.87, 46.91
8.16, 165.47, 22.23
444.76, 453.43, 52.11
364.39, 371.68, 11.43
227.96, 254.95, 57.13
120.75, 400.84, 55.40
264.05, 305.41, 31.96
7.31, 34.22, 31.95
318.32, 357.60, 47.16
349.80, 491.72, 11.14
114.03, 199.56, 7.97
231.73, 381.86, 39.87
348.31, 421.05, 14.09
465.97, 487.30, 39.43
149.33, 304.93, 29.91
133.96, 297.60, 4.91
129.18, 201.42, 21.69
154.87, 324.17, 15.60
175.56, 296.52, 26.53
136.88, 438.97, 59.05
294.82, 389.01, 40.55
201.65, 209.97, 24.65
480.03, 486.29, 27.74
121.98, 177.58, 24.37
42.97, 82.65, 13.75
35.75, 92.62, 34.63
433.00, 440.57, 19.02
258.08, 269.51, 52.89
77.00, 219.26, 18.80
370.62, 381.89, 32.47
31.34, 158.28, 33.49
385.46, 497.54, 6.51
44.40, 341.40, 6.38
422.28, 439.90, 5.10
306.48, 474.88, 37.50
65.14, 394.71, 35.21
19.55, 88.51, 6.57
441.57, 471.95, 19.22
268.32, 334.69, 35.14
152.58, 154.69, 41.62
327.02, 330.76, 43.13
44.11, 278.74, 22.71
307.35, 336.43, 7.46
5.02, 390.22, 10.08
252.71, 427.02, 46.52
72.65, 85.17, 40.88
226.55, 372.49, 51.94
182.29, 256.81, 28.29
439.62, 489.21, 26.24
475.77, 494.05, 30.57
325.11, 468.03, 37.87
249.78, 424.16, 59.77
14.88, 412.80, 13.16
437.77, 459.52, 5.41
205.65, 272.38, 43.25
43.67, 469.43, 35.06
245.29, 351.02, 32.39
243.90, 276.17, 55.16
227.15, 360.56, 48.79
7.22, 13.77, 20.10
267.94, 401.11, 37.38
115.15, 466.74, 32.44
275.05, 406.77, 34.81
457.78, 482.43, 9.52
192.91, 278.31, 5.86
497.34, 497.88, 29.84
270.79, 287.17, 36.40
393.89, 489.31, 3.34
124.96, 412.96, 8.28
38.53, 105.97, 40.59
92.36, 469.93, 42.67
201.77, 338.28, 34.96
401.03, 449.70, 29.25
239.45, 382.53, 45.92
327.94, 398.07, 15.64
370.60, 446.39, 28.62
90.40, 287.38, 12.75
10.90, 197.67, 2.21
34.29, 441.94, 34.42
75.91, 420.07, 54.54
54.45, 217.18, 31.68
123.07, 488.02, 11.12
422.15, 426.44, 0.24
240.59, 337.78, 19.78
112.89, 403.85, 32.33
280.57, 370.11, 25.67
139.91, 395.57, 48.06
432.75, 480.74, 22.92
113.21, 183.36, 14.49
307.96, 373.18, 35.63
78.25, 158.05, 20.31
209.91, 289.89, 50.80
450.47, 469.65, 37.71
179.94, 382.48, 25.09
366.63, 476.35, 48.35
268.88, 382.80, 5.36
334.01, 345.29, 14.45
380.69, 393.67, 45.58
484.53, 494.27, 57.42
10.59, 141.65, 58.68
348.25, 484.49, 0.67
326.59, 478.82, 57.63
158.44, 264.70, 0.58
379.39, 477.40, 44.42
104.19, 497.48, 44.48
337.02, 400.71, 4.10
467.18, 499.78, 17.21
86.15, 163.11, 43.80
28.72, 289.55, 3.54
387.04, 477.03, 8.26
326.82, 446.83, 41.95
74.50, 231.93, 34.07
88.35, 454.36, 11.80
126.94, 388.33, 19.81
277.57, 493.59, 39.41
339.63, 377.00, 37.86
494.51, 497.63, 26.14
402.78, 491.94, 1.99
244.13, 434.98, 30.40
458.95, 467.99, 21.32
187.14, 466.61, 33.68
262.02, 335.55, 42.83
191.75, 417.13, 5.44
444.15, 450.65, 19.25
143.48, 290.81, 10.24
179.14, 278.64, 43.70
349.45, 420.54, 30.88
273.77, 437.92, 35.39
308.88, 447.29, 10.64
485.29, 488.56, 48.32
422.65, 457.07, 43.53
215.95, 445.91, 15.92
196.62, 269.45, 21.52
236.29, 468.81, 25.33
466.90, 473.15, 59.25
300.55, 326.50, 44.33
453.52, 461.67, 17.14
3.71, 394.99, 47.49
344.58, 490.84, 51.23
49.97, 472.60, 35.79
438.20, 465.99, 29.01
322.99, 374.64, 40.71
436.54, 483.64, 43.54
328.32, 458.53, 39.16
109.04, 396.91, 9.77
283.17, 484.24, 46.08
30.41, 256.36, 35.54
417.89, 483.27, 4.66
268.49, 354.30, 22.06
492.75, 496.35, 47.79
57.71, 432.70, 2.84
182.74, 449.26, 5.53
460.60, 473.98, 52.98
405.74, 498.69, 10.42
101.21, 365.74, 10.45
428.56, 498.11, 11.56
69.03, 98.90, 44.77
242.50, 478.59, 18.40
344.95, 431.07, 23.60
317.99, 492.45, 22.84
411.86, 432.22, 42.28
489.73, 491.99, 20.94
388.29, 438.43, 52.07
451.25, 481.80, 21.66
380.41, 414.23, 27.97
213.77, 279.82, 35.55
96.24, 434.85, 33.45
470.99, 474.64, 10.88
419.05, 497.27, 4.93
172.03, 466.23, 13.17
407.79, 436.84, 31.14
301.03, 372.95, 16.67
392.39, 443.81, 18.65
456.36, 490.92, 38.16
273.96, 344.03, 32.54
378.26, 436.88, 23.99
137.41, 330.17, 18.13
153.13, 163.40, 6.24
147.88, 335.23, 43.17
486.94, 496.66, 22.71
246.71, 255.43, 26.93
254.45, 419.60, 53.36
198.23, 216.49, 2.35
55.16, 329.62, 12.68
380.26, 450.96, 44.78
304.44, 447.01, 38.93
168.36, 355.90, 35.97
22.39, 233.37, 25.73
152.30, 345.10, 30.49
15.41, 175.69, 16.21
52.72, 332.17, 32.06
137.76, 327.74, 12.80
390.36, 483.98, 46.61
338.22, 368.37, 53.19
12.63, 306.95, 14.77
298.38, 495.58, 14.36
313.07, 368.24, 16.56
220.85, 473.28, 17.02
203.09, 224.07, 2.34
287.06, 323.58, 42.13
424.01, 467.87, 14.92
40.09, 167.90, 25.11
432.54, 446.76, 44.77
18.88, 79.33, 30.35
168.05, 409.56, 1.34
440.32, 447.97, 16.06
327.75, 364.67, 26.68
155.83, 396.79, 4.58
147.43, 211.26, 38.82
63.86, 410.82, 43.48
425.23, 432.87, 51.21
199.03, 474.42, 46.40
444.20, 456.50, 26.96
407.50, 488.66, 45.88
361.34, 494.43, 30.25
417.89, 438.49, 21.78
345.88, 499.54, 50.84
289.04, 352.80, 35.77
82.95, 103.33, 17.00
225.55, 300.11, 31.62
21.58, 427.77, 15.96
158.88, 273.41, 1.03
250.47, 441.11, 26.18
359.92, 417.69, 52.26
444.96, 452.62, 30.22
240.61, 399.54, 41.69
255.07, 476.48, 37.73
479.89, 485.48, 24.36
111.18, 238.60, 23.19
234.93, 443.72, 35.35
22.16, 130.41, 9.43
35.75, 172.83, 58.05
344.77, 422.41, 3.57
71.63, 456.57, 14.16
22.72, 383.02, 54.29
23.70, 52.52, 32.63
245.05, 262.82, 45.32
443.71, 445.79, 6.73
164.68, 434.51, 8.10
483.20, 487.09, 58.87
66.27, 444.42, 23.11
108.04, 272.30, 47.86
485.89, 488.72, 42.95
347.00, 392.91, 2.01
79.09, 234.84, 47.76
187.11, 327.85, 9.39
320.86, 437.83, 52.26
3.20, 51.92, 13.72
210.38, 265.98, 2.29
456.11, 494.57, 15.22
362.99, 466.53, 2.92
178.50, 297.56, 30.97
8.29, 359.54, 29.11
349.56, 443.14, 13.61
294.05, 415.17, 0.26
1.91, 135.25, 10.06
229.33, 477.01, 9.10
172.35, 302.13, 49.95
403.07, 439.34, 41.42
358.93, 372.77, 53.86
94.42, 180.52, 3.14
249.05, 417.88, 53.03
366.36, 390.29, 2.62
394.71, 413.81, 40.45
10.76, 259.37, 56.71
496.03, 496.56, 18.05
110.35, 151.40, 16.29
276.33, 310.15, 11.21
306.36, 336.64, 18.22
150.96, 207.59, 59.39
429.62, 497.30, 43.27
73.09, 307.27, 26.63
274.15, 290.52, 51.67
143.89, 322.18, 16.33
281.37, 471.42, 56.05
364.30, 370.98, 27.68
72.65, 374.13, 34.27
344.17, 443.06, 4.82
428.72, 484.20, 58.45
434.08, 445.34, 31.25
279.79, 299.43, 19.65
167.82, 177.22, 38.44
354.50, 406.83, 37.48
162.40, 432.78, 57.42
146.96, 391.70, 17.25
279.69, 452.85, 51.61
117.37, 210.48, 32.99
471.85, 482.88, 56.95
350.31, 393.79, 8.61
374.57, 479.93, 8.33
72.21, 102.61, 0.68
439.28, 449.32, 16.96
285.67, 406.10, 11.06
271.89, 330.63, 49.41
126.64, 250.69, 14.18
432.13, 443.70, 33.01
204.61, 398.32, 29.52
308.27, 454.13, 1.35
455.56, 475.62, 1.70
378.20, 443.86, 45.64
238.07, 348.33, 7.03
262.17, 274.82, 0.10
345.62, 360.59, 43.06
28.95, 397.04, 49.53
104.43, 315.19, 34.56
295.36, 304.93, 52.70
91.34, 164.53, 2.55
325.05, 406.90, 53.45
49.27, 153.11, 30.86
145.12, 351.98, 49.97
114.95, 309.64, 3.28
224.01, 262.09, 59.00
313.26, 478.27, 52.81
51.99, 384.06, 33.45
231.70, 383.42, 38.82
98.99, 412.95, 56.44
175.30, 210.88, 27.07
157.14, 270.41, 9.53
232.58, 341.46, 47.41
68.38, 388.84, 5.51
367.81, 454.51, 3.48
353.92, 449.48, 14.10
206.23, 230.36, 4.76
365.37, 414.26, 39.62
410.82, 479.57, 20.98
327.74, 352.92, 20.74
272.13, 413.73, 40.75
106.86, 208.87, 21.33
162.02, 256.19, 26.59
268.97, 492.72, 35.55
146.60, 151.36, 15.84
71.35, 294.98, 7.35
129.44, 158.34, 18.12
493.04, 494.19, 31.83
213.83, 257.89, 2.71
344.77, 455.89, 31.12
343.65, 388.01, 11.19
451.96, 474.56, 7.64
23.61, 134.93, 28.85
443.98, 444.96, 41.21
336.48, 455.81, 1.22
372.08, 417.12, 59.51
387.77, 447.90, 45.60
277.20, 349.50, 23.49
23.07, 47.71, 1.03
2.04, 203.45, 35.17
496.92, 497.25, 39.44
50.65, 361.64, 5.40
34.06, 66.08, 24.63
205.47, 401.06, 38.77
229.85, 307.74, 50.95
480.90, 498.73, 30.22
294.89, 434.96, 37.82
382.78, 494.66, 31.37
76.98, 299.66, 17.23
422.21, 479.12, 39.67
398.98, 400.47, 46.31
456.51, 493.45, 40.12
350.09, 427.02, 43.36
268.44, 291.89, 52.84
71.84, 497.32, 41.87
404.40, 437.73, 58.99
99.84, 117.18, 58.41
238.50, 383.10, 39.64
272.85, 300.86, 37.25
74.85, 441.29, 14.40
413.50, 465.99, 1.84
405.19, 480.47, 56.80
231.41, 402.65, 30.35
268.82, 405.33, 18.75
14.08, 95.51, 35.74
76.40, 210.31, 44.73
464.90, 491.92, 8.45
322.79, 483.30, 24.98
333.45, 350.27, 8.60
388.44, 467.81, 33.10
74.63, 223.88, 12.95
177.05, 439.85, 5.38
480.57, 495.31, 6.21
220.37, 237.27, 33.56
367.20, 427.90, 15.35
163.78, 198.17, 7.59
277.52, 416.98, 15.40
289.30, 338.97, 7.45
97.74, 228.23, 45.10
499.11, 499.35, 11.16
284.45, 403.85, 56.09
35.46, 252.17, 26.83
382.34, 411.77, 19.81
213.74, 438.04, 17.54
485.85, 485.93, 7.40
156.96, 158.77, 56.87
76.04, 372.49, 18.68
6.39, 450.68, 56.89
59.80, 422.48, 3.46
402.97, 426.54, 17.69
163.73, 276.08, 29.52
254.60, 355.22, 4.51
402.04, 447.23, 24.43
485.50, 487.16, 33.87
460.46, 467.89, 30.21
166.75, 377.53, 30.43
326.81, 352.19, 38.39
218.33, 257.18, 29.66
168.29, 399.74, 35.02
310.59, 332.15, 14.81
116.43, 486.46, 39.87
243.16, 483.67, 18.09
86.47, 425.58, 6.57
1.68, 86.87, 12.73
341.26, 390.69, 20.41
451.81, 479.57, 2.02
21.73, 472.44, 44.06
286.84, 471.54, 41.14
122.04, 384.33, 56.96
464.22, 484.80, 55.41
195.68, 443.57, 28.18
6.47, 257.60, 11.32
256.71, 340.92, 13.66
271.45, 481.79, 42.68
196.23, 261.66, 33.65
170.60, 260.18, 59.86
382.95, 456.30, 2.64
403.15, 493.91, 24.60
269.69, 402.02, 29.72
132.50, 142.67, 1.33
99.12, 367.46, 19.45
228.68, 325.80, 28.56
0.70, 134.84, 59.46
294.82, 496.86, 15.76
214.97, 287.41, 18.84
251.56, 358.65, 51.49
176.66, 438.30, 18.33
332.13, 370.40, 34.02
53.93, 217.93, 46.33
6.32, 210.38, 53.54
383.56, 458.36, 42.76
164.46, 416.92, 54.31
479.28, 488.01, 11.36
417.42, 441.61, 30.59
130.25, 418.37, 29.30
166.26, 194.39, 52.77
65.63, 325.45, 37.65
229.18, 251.84, 43.79
47.85, 488.06, 14.93
345.04, 358.10, 41.44
88.03, 208.38, 16.17
366.82, 438.04, 54.20
461.17, 487.13, 59.30
474.14, 474.81, 16.62
250.01, 278.92, 16.69
337.03, 435.06, 40.68
379.12, 431.04, 39.35
413.89, 460.72, 50.82
322.95, 400.46, 3.22
28.37, 272.90, 9.12
201.04, 225.09, 37.07
105.78, 319.76, 31.30
118.53, 471.47, 29.19
20.19, 414.00, 11.18
185.54, 269.37, 50.91
473.75, 491.25, 18.58
465.94, 467.77, 17.82
259.91, 297.26, 20.71
479.03, 492.82, 11.60
217.00, 334.37, 7.69
115.73, 138.44, 3.46
217.63, 282.29, 25.76
250.71, 378.77, 32.90
229.01, 365.55, 5.62
242.64, 319.17, 59.42
377.86, 467.17, 4.61
230.75, 454.17, 17.88
126.70, 338.77, 47.89
468.57, 483.65, 7.93
177.39, 365.76, 23.72
198.84, 434.03, 51.53
124.38, 421.01, 47.37
78.19, 396.69, 57.95
248.95, 337.70, 5.82
219.72, 411.27, 40.06
236.88, 383.14, 58.69
348.67, 364.78, 6.26
79.76, 153.25, 6.18
172.55, 235.81, 27.83
46.01, 379.47, 11.01
165.62, 175.73, 7.67
444.62, 446.15, 5.36
371.41, 494.71, 12.18
15.02, 336.54, 32.64
346.96, 495.12, 9.87
222.72, 419.61, 56.37
323.05, 402.45, 27.13
85.16, 268.94, 0.31
346.72, 417.06, 18.48
457.70, 472.71, 34.43
419.69, 433.39, 36.34
39.00, 332.59, 36.52
260.64, 375.64, 28.09
270.09, 460.43, 7.59
112.87, 113.91, 46.02
364.48, 494.15, 47.82
305.34, 490.17, 44.74
481.81, 497.40, 56.03
365.86, 480.45, 38.47
104.57, 121.59, 27.37
192.97, 453.48, 55.65
61.94, 164.28, 18.57
431.13, 457.02, 16.78
426.53, 494.33, 54.70
73.32, 477.76, 11.61
253.09, 481.89, 34.10
250.04, 484.18, 1.44
395.21, 420.93, 36.01
465.22, 485.87, 37.85
487.81, 493.43, 16.38
21.26, 302.85, 29.34
185.02, 464.07, 37.94
348.84, 428.46, 38.89
454.51, 472.65, 10.15
235.27, 296.91, 55.87
214.56, 217.96, 58.06
341.36, 374.05, 53.07
422.09, 442.42, 46.78
221.24, 421.16, 50.75
438.57, 451.29, 25.15
127.20, 351.14, 42.31
182.68, 421.37, 7.45
3.88, 36.87, 8.21
281.41, 444.20, 12.44
65.20, 466.30, 52.86
222.16, 391.38, 32.18
16.33, 297.77, 42.10
446.71, 479.01, 16.82
144.31, 239.04, 32.41
477.20, 498.49, 2.62
466.61, 467.16, 46.56
87.04, 225.81, 7.38
209.91, 392.06, 59.56
288.95, 362.01, 16.95
404.26, 457.03, 53.01
68.68, 211.08, 16.08
132.42, 230.44, 30.83
412.29, 482.96, 24.77
283.94, 454.11, 43.81
315.18, 434.99, 13.98
340.21, 481.38, 41.31
189.93, 325.93, 0.36
73.06, 276.92, 53.56
464.58, 498.09, 5.96
388.59, 453.35, 24.14
251.26, 306.55, 22.19
200.20, 262.26, 38.34
324.43, 433.24, 27.17
486.91, 487.93, 4.71
344.69, 479.04, 16.99
391.23, 473.39, 43.75
358.99, 465.93, 54.19
155.43, 203.97, 15.18
163.27, 408.19, 36.44
189.99, 296.97, 32.25
193.14, 498.45, 54.26
434.06, 480.69, 4.81
272.94, 302.01, 44.56
210.46, 356.65, 20.46
367.18, 480.47, 5.42
314.60, 438.35, 51.90
2.53, 439.71, 24.00
417.17, 480.25, 7.05
326.94, 444.66, 50.95
318.60, 458.82, 12.77
405.18, 442.25, 39.35
480.91, 497.73, 41.88
383.79, 472.62, 21.01
392.56, 461.22, 53.65
150.24, 219.62, 45.45
6.36, 439.08, 36.88
128.53, 397.50, 44.83
42.37, 185.95, 0.86
455.56, 466.22, 39.11
178.91, 341.20, 29.50
33.98, 392.32, 46.31
378.96, 424.86, 35.06
418.76, 479.32, 42.05
126.96, 301.17, 19.17
230.20, 479.14, 26.42
496.83, 497.00, 5.12
357.62, 367.53, 33.43
47.23, 59.77, 27.51
187.14, 438.28, 5.37
357.54, 396.37, 7.32
18.45, 170.67, 39.93
389.51, 421.25, 42.88
288.71, 299.34, 27.67
100.01, 175.12, 45.37
262.17, 285.11, 21.62
147.79, 431.90, 19.83
32.98, 35.16, 3.29
449.40, 454.66, 37.02
87.05, 197.72, 1.69
54.81, 417.94, 14.21
342.68, 455.17, 27.98
146.35, 241.72, 22.80
97.98, 497.55, 18.14
226.86, 423.51, 24.47
220.33, 467.68, 55.90
68.94, 294.66, 42.51
281.32, 493.18, 45.60
55.38, 111.01, 39.77
232.60, 456.90, 47.70
468.60, 476.55, 15.11
194.72, 242.02, 5.44
392.88, 403.33, 45.57
58.14, 109.07, 7.09
492.23, 497.18, 47.69
431.49, 491.16, 12.17
329.36, 479.48, 7.30
83.16, 401.32, 9.18
412.50, 468.37, 9.00
468.57, 486.76, 14.39
106.62, 413.55, 2.79
279.35, 489.46, 53.53
237.78, 426.61, 53.34
257.91, 308.93, 58.33
467.07, 482.07, 43.90
348.26, 496.96, 25.25
123.97, 405.59, 30.30
170.19, 296.25, 32.15
483.95, 488.82, 58.29
366.88, 403.47, 16.98
259.97, 273.85, 5.99
150.50, 266.64, 59.07
169.96, 231.52, 51.66
418.33, 458.03, 35.26
148.59, 196.15, 11.54
195.39, 480.73, 37.57
411.04, 429.29, 21.21
442.44, 457.15, 4.01
454.92, 495.97, 44.20
10.45, 322.39, 36.58
22.16, 373.99, 0.95
290.34, 450.67, 48.58
343.81, 359.80, 57.02
458.10, 484.49, 44.07
472.17, 484.99, 49.55
217.60, 401.66, 53.29
478.76, 491.57, 2.40
154.53, 209.24, 56.87
74.36, 326.95, 21.08
300.18, 378.16, 35.64
103.46, 246.66, 25.40
325.85, 369.81, 30.06
189.86, 202.25, 9.69
7.55, 364.67, 30.37
378.58, 468.33, 32.25
281.88, 447.55, 13.94
240.39, 420.33, 48.47
417.58, 438.95, 6.41
394.99, 479.66, 49.77
117.95, 121.59, 56.78
77.68, 327.82, 13.32
307.20, 458.25, 9.91
35.78, 287.68, 1.40
3.34, 479.72, 21.40
6.12, 86.58, 52.43
103.56, 280.11, 36.44
108.92, 272.62, 15.23
166.02, 218.74, 33.75
5.49, 131.10, 31.90
429.90, 454.36, 5.47
421.93, 446.98, 9.91
433.24, 458.61, 31.62
451.02, 460.52, 58.30
230.34, 413.76, 0.36
221.14, 302.66, 33.95
436.93, 453.78, 31.59
377.10, 448.71, 28.59
208.53, 485.85, 6.78
167.00, 185.44, 43.99
343.67, 472.35, 2.35
82.08, 97.75, 28.18
63.72, 263.87, 32.92
267.33, 450.54, 57.78
218.39, 248.55, 2.49
120.56, 354.02, 7.72
259.35, 390.77, 24.47
440.46, 447.39, 27.39
381.27, 496.10, 10.92
480.39, 482.84, 19.14
308.07, 455.79, 37.49
130.19, 428.59, 8.33
367.09, 388.20, 48.05
490.94, 491.41, 41.76
307.93, 414.82, 22.38
144.40, 181.00, 30.20
346.61, 452.80, 15.81
259.96, 335.54, 18.89
213.71, 342.79, 42.06
139.01, 210.94, 4.50
119.13, 405.42, 34.67
185.40, 363.35, 35.73
78.05, 306.97, 37.32
419.57, 484.50, 35.18
35.86, 49.83, 45.81
339.40, 381.78, 59.03
246.82, 289.86, 22.78
481.81, 487.01, 27.61
463.15, 493.56, 56.46
271.14, 324.46, 9.22
242.73, 369.69, 6.28
463.62, 474.72, 41.58
145.22, 406.74, 36.69
25.73, 463.34, 5.69
321.94, 327.28, 34.98
429.87, 465.83, 43.95
75.78, 209.53, 5.63
425.49, 432.62, 55.75
437.91, 484.22, 21.28
162.04, 219.58, 26.51
237.60, 367.34, 35.32
411.02, 424.99, 47.83
96.74, 419.01, 51.66
374.90, 403.56, 44.87
319.80, 349.84, 50.36
488.68, 498.22, 39.81
338.68, 423.60, 51.57
31.45, 413.23, 3.72
271.97, 438.81, 51.31
81.24, 287.99, 22.82
329.68, 460.34, 49.52
178.70, 367.76, 4.36
304.61, 493.94, 40.21
329.05, 435.07, 51.27
297.97, 322.25, 33.43
475.55, 498.86, 59.93
195.18, 218.48, 36.14
137.84, 497.27, 39.75
299.63, 344.75, 42.47
335.15, 430.20, 54.11
9.28, 116.58, 59.02
20.86, 481.85, 57.34
47.58, 347.72, 27.41
353.34, 381.70, 8.71
96.21, 269.20, 49.83
31.65, 144.47, 0.07
288.55, 409.39, 2.66
444.93, 453.95, 36.10
468.20, 474.75, 25.26
334.47, 475.55, 12.02
462.07, 483.36, 23.13
360.12, 465.02, 41.73
423.00, 473.71, 15.05
209.45, 347.87, 55.83
126.29, 141.89, 28.99
2.50, 292.21, 52.69
18.92, 272.02, 19.97
39.03, 456.67, 3.07
384.69, 446.01, 51.52
220.79, 300.44, 37.67
261.73, 484.15, 18.78
72.89, 428.28, 25.34
298.03, 311.11, 43.10
495.93, 498.89, 34.19
112.92, 196.78, 22.11
17.85, 345.31, 16.44
16.22, 147.86, 4.57
195.70, 461.71, 48.49
178.62, 392.11, 21.46
250.05, 426.89, 46.44
114.20, 207.89, 32.93
318.67, 443.78, 3.91
188.51, 350.11, 11.48
195.96, 226.92, 38.24
366.18, 466.95, 2.65
399.01, 408.42, 43.26
124.23, 154.79, 53.58
179.30, 264.38, 7.13
442.95, 497.55, 3.69
494.55, 496.72, 20.79
106.45, 210.35, 19.08
280.50, 288.59, 14.17
266.26, 298.10, 49.23
429.59, 446.21, 49.54
400.27, 443.45, 59.89
5.89, 31.51, 33.81
4.93, 300.90, 56.42
214.58, 330.86, 39.45
147.94, 459.96, 5.04
313.33, 493.16, 26.51
446.78, 463.68, 53.15
314.33, 435.55, 32.14
188.82, 440.92, 50.99
290.95, 446.42, 56.98
230.95, 344.15, 53.97
186.73, 435.09, 47.74
75.23, 99.88, 43.99
36.36, 400.44, 28.56
175.13, 205.89, 38.39
263.99, 314.95, 49.51
144.28, 355.99, 22.49
32.82, 41.36, 14.47
181.65, 190.08, 14.53
297.95, 334.77, 1.88
254.62, 488.41, 37.92
69.28, 398.89, 36.55
457.15, 498.30, 1.37
241.65, 476.37, 27.51
47.52, 290.24, 1.65
1.27, 275.77, 32.07
30.09, 249.36, 32.66
88.84, 461.49, 38.98
341.99, 362.70, 36.63
399.67, 458.16, 59.18
300.58, 404.24, 15.65
343.47, 428.05, 50.79
22.74, 236.21, 41.52
383.75, 399.22, 41.81
106.60, 489.77, 27.76
40.74, 167.64, 7.18
30.95, 55.57, 25.59
185.90, 348.86, 4.47
41.43, 286.68, 44.26
492.10, 496.74, 31.58
316.78, 413.95, 42.57
244.54, 480.50, 37.62
6.24, 163.32, 40.15
175.33, 495.60, 53.14
363.28, 392.34, 21.33
372.28, 469.66, 44.30
232.55, 390.51, 59.41
442.50, 451.48, 16.05
140.86, 258.23, 1.84
296.14, 462.31, 8.56
258.69, 448.32, 54.53
466.72, 488.06, 47.22
101.96, 461.88, 54.31
116.75, 441.19, 56.33
94.78, 252.54, 49.79
100.36, 130.19, 48.10
74.95, 198.44, 29.61
483.31, 498.86, 29.47
60.64, 406.25, 11.03
66.09, 242.87, 5.98
166.88, 368.26, 39.36
31.24, 127.39, 3.42
30.72, 344.14, 35.35
152.91, 189.74, 10.72
34.50, 494.10, 13.47
379.51, 409.75, 29.26
70.83, 106.46, 3.70
338.83, 466.54, 12.29
132.68, 495.07, 13.53
234.29, 462.09, 50.66
200.80, 422.48, 29.52
12.28, 153.40, 44.83
299.80, 483.82, 10.02
395.96, 432.20, 16.53
267.36, 417.73, 6.56
214.06, 370.02, 52.91
289.44, 406.51, 21.51
216.35, 277.62, 59.74
161.99, 388.08, 9.00
71.43, 244.39, 45.54
107.70, 489.54, 43.99
303.00, 356.13, 42.81
367.64, 385.75, 27.06
346.83, 451.82, 13.55
265.65, 479.60, 8.48
17.46, 27.74, 20.96
69.02, 90.92, 11.04
272.38, 399.44, 36.05
306.01, 402.38, 34.90
64.21, 293.70, 23.28
310.83, 312.62, 27.16
92.65, 358.89, 11.48
213.81, 396.51, 20.55
217.55, 330.30, 42.66
438.00, 465.44, 58.17
487.18, 498.82, 38.97
70.16, 497.98, 31.15
482.80, 486.55, 14.94
302.76, 350.90, 31.81
294.72, 415.86, 45.58
58.46, 414.50, 52.62
239.13, 250.87, 18.17
472.56, 483.52, 30.49
211.22, 353.10, 45.09
182.65, 327.88, 31.73
160.60, 254.01, 52.33
423.34, 477.08, 4.97
383.34, 469.33, 43.91
306.71, 329.96, 23.77
462.52, 482.48, 50.30
452.60, 459.46, 25.45
69.12, 154.52, 19.77
374.75, 412.93, 55.29
269.65, 461.95, 20.72
296.47, 317.18, 33.11
288.25, 492.69, 8.83
421.29, 474.41, 0.15
153.60, 412.13, 13.22
185.40, 456.42, 5.09
133.08, 447.52, 6.76
230.78, 490.42, 36.85
135.99, 402.76, 46.83
322.52, 435.05, 36.27
163.05, 307.20, 19.55
256.10, 339.67, 5.40
204.09, 334.96, 52.00
19.36, 313.61, 50.79
53.67, 254.80, 29.50
154.99, 178.97, 31.87
136.36, 182.62, 27.03
473.17, 478.07, 26.52
422.45, 448.45, 32.19
54.28, 404.64, 18.52
184.16, 477.70, 39.48
420.09, 490.44, 25.58
3.31, 230.09, 29.94
400.80, 428.90, 7.96
407.03, 429.64, 33.04
148.87, 213.53, 14.04
91.75, 442.81, 17.40
8.73, 54.74, 39.22
207.83, 464.73, 30.79
109.12, 398.08, 23.89
432.07, 453.21, 24.94
162.59, 414.95, 3.96
365.35, 398.29, 35.13
98.79, 142.53, 40.56
469.08, 474.11, 15.42
385.17, 390.04, 40.91
110.52, 211.64, 35.28
265.08, 416.42, 48.80
135.94, 499.98, 0.01
230.03, 272.97, 56.64
43.70, 148.67, 22.81
403.23, 457.93, 40.44
99.90, 317.67, 48.63
207.68, 495.25, 50.97
439.48, 463.25, 5.94
287.39, 468.39, 56.80
137.91, 417.40, 20.68
204.89, 342.03, 14.78
236.06, 329.46, 43.08
18.43, 32.76, 9.15
64.18, 380.07, 11.68
6.71, 182.34, 58.74
256.32, 290.18, 46.41
122.36, 296.01, 10.10
381.13, 497.61, 21.35
280.27, 321.98, 20.84
456.86, 459.98, 36.06
384.26, 407.85, 59.30
75.98, 179.37, 19.02
129.75, 433.59, 50.87
252.45, 303.36, 55.40
151.95, 179.96, 56.35
234.79, 246.76, 51.58
82.42, 243.36, 40.12
212.55, 360.45, 8.28
93.80, 497.31, 4.16
395.57, 498.87, 10.03
114.22, 123.47, 54.20
176.66, 364.36, 8.64
144.86, 190.43, 55.91
312.62, 415.20, 19.92
75.12, 161.16, 57.36
85.59, 491.26, 3.30
126.03, 168.81, 28.65
53.97, 432.43, 51.53
123.11, 494.08, 6.17
75.41, 113.68, 38.36
270.29, 440.43, 16.66
103.56, 277.77, 15.26
26.37, 69.80, 40.92
130.91, 335.30, 49.99
140.63, 257.00, 47.88
390.24, 443.70, 17.94
443.02, 448.89, 52.70
345.59, 358.52, 10.19
174.00, 278.35, 56.21
415.33, 448.10, 5.65
37.72, 327.68, 34.38
84.89, 443.49, 28.14
335.43, 380.60, 33.17
400.86, 425.64, 28.77
44.66, 409.80, 13.58
99.69, 196.48, 37.69
117.10, 386.01, 11.70
130.04, 216.51, 54.63
136.08, 484.08, 15.73
386.84, 493.35, 51.77
366.33, 499.43, 45.53
402.02, 420.58, 23.76
205.97, 436.65, 55.39
343.59, 423.28, 14.24
177.16, 483.65, 17.03
272.80, 407.09, 35.03
428.04, 490.85, 3.95
12.99, 120.76, 49.76
329.71, 499.86, 36.74
4.14, 111.79, 35.46
197.61, 476.73, 51.82
466.80, 471.95, 22.50
11.84, 386.48, 7.70
392.39, 451.88, 40.35
316.58, 411.54, 53.21
123.04, 373.41, 44.06
307.38, 309.08, 17.78
399.00, 437.54, 19.27
31.01, 392.08, 31.66
45.11, 479.48, 1.41
185.20, 358.27, 12.97
254.71, 386.00, 53.55
280.48, 434.51, 14.47
19.01, 19.20, 45.42
473.97, 482.21, 54.92
459.33, 470.34, 21.02
268.94, 429.41, 34.10
455.96, 477.94, 50.59
56.20, 76.08, 35.72
348.66, 385.28, 13.38
216.04, 459.03, 24.64
416.87, 425.38, 46.59
266.85, 444.82, 33.19
150.96, 338.89, 22.10
398.57, 464.00, 31.66
306.02, 427.91, 52.32
230.00, 405.23, 59.66
204.38, 427.15, 38.23
341.38, 437.26, 43.23
30.37, 256.02, 53.00
118.63, 249.49, 27.43
257.41, 392.80, 1.98
266.96, 391.69, 40.60
171.59, 496.88, 50.99
71.55, 210.73, 4.11
24.26, 377.49, 27.44
163.29, 488.55, 56.44
467.70, 496.88, 30.96
251.95, 359.84, 20.78
417.00, 433.53, 38.32
79.16, 186.82, 58.77
151.16, 403.99, 10.03
281.85, 313.23, 46.29
126.22, 430.12, 20.12
6.45, 93.11, 48.86
440.31, 449.01, 13.42
37.02, 341.41, 50.70
472.44, 492.54, 24.53
458.74, 471.59, 11.03
230.80, 303.60, 26.41
36.52, 247.17, 51.04
199.56, 489.82, 51.52
105.35, 158.73, 42.60
284.48, 469.28, 3.09
411.47, 442.42, 2.50
132.95, 442.19, 24.88
70.80, 106.33, 2.12
461.79, 473.26, 42.56
187.06, 398.38, 28.13
373.35, 397.29, 46.80
258.40, 376.27, 23.89
295.33, 410.12, 33.22
362.79, 455.60, 10.32
448.93, 490.33, 7.02
307.63, 444.62, 37.06
450.91, 489.15, 15.82
24.46, 363.28, 56.98
97.25, 165.87, 52.39
44.88, 188.82, 57.27
373.24, 471.07, 25.75
473.27, 482.86, 25.71
98.93, 404.42, 32.13
36.58, 322.17, 49.06
163.12, 212.67, 5.39
105.41, 106.74, 38.98
334.93, 358.03, 24.84
104.22, 289.31, 47.19
482.86, 487.06, 47.02
27.41, 41.51, 53.56
489.41, 490.27, 2.44
410.79, 466.34, 54.88
36.88, 328.47, 56.84
140.95, 207.04, 57.20
69.89, 428.43, 17.09
477.74, 488.93, 47.19
424.59, 450.72, 1.01
181.86, 250.08, 35.71
166.75, 479.78, 46.33
242.10, 430.71, 17.72
411.83, 470.84, 3.98
447.65, 467.67, 23.70
123.81, 343.03, 42.36
12.94, 144.40, 36.51
418.58, 463.21, 20.01
197.78, 480.46, 41.88
41.92, 474.98, 40.92
436.67, 468.42, 17.64
268.96, 381.06, 28.36
461.29, 466.56, 54.27
287.47, 400.04, 35.44
330.39, 348.11, 4.24
1.16, 25.94, 52.82
235.83, 485.08, 48.24
427.56, 494.39, 12.12
493.00, 493.44, 9.43
283.50, 447.33, 56.22
313.00, 487.99, 10.70
263.99, 492.24, 31.52
352.93, 448.95, 40.97
233.99, 373.56, 30.48
213.58, 377.81, 23.40
387.54, 478.80, 32.25
62.47, 392.16, 8.01
190.02, 323.91, 32.94
467.99, 480.55, 10.57
424.82, 485.21, 22.52
397.53, 430.54, 17.90
225.26, 497.65, 9.44
225.39, 286.80, 21.95
399.20, 469.54, 35.05
72.45, 235.11, 41.30
460.22, 486.52, 54.98
426.66, 428.93, 44.47
378.03, 396.48, 30.96
329.51, 389.80, 53.54
463.94, 493.13, 52.31
24.87, 244.55, 45.45
327.81, 493.76, 28.35
411.77, 421.19, 50.63
293.15, 470.04, 59.36
488.33, 496.59, 20.79
349.19, 355.92, 41.21
279.46, 394.72, 27.78
466.14, 493.22, 25.99
69.81, 395.81, 30.94
213.80, 375.84, 44.07
178.73, 488.29, 38.65
417.97, 489.33, 30.59
77.32, 354.00, 58.01
374.71, 409.35, 28.38
422.39, 458.28, 3.57
234.08, 364.91, 37.45
129.58, 438.37, 27.01
372.30, 428.29, 5.83
491.82, 499.89, 44.66
209.11, 300.41, 5.13
131.75, 185.02, 4.42
307.69, 377.86, 24.62
319.67, 430.34, 56.08
27.67, 261.43, 6.88
455.03, 484.23, 17.23
305.25, 308.76, 54.02
362.58, 496.73, 7.57
114.15, 493.21, 53.34
54.63, 405.39, 45.42
136.34, 369.95, 42.98
323.21, 464.36, 49.29
448.41, 499.62, 58.44
10.94, 14.00, 51.25
426.07, 492.53, 8.40
131.23, 458.91, 56.23
393.93, 438.05, 58.95
227.53, 349.08, 58.26
114.81, 296.18, 38.68
42.33, 234.20, 20.16
335.86, 395.80, 48.41
270.99, 448.98, 23.26
96.68, 342.08, 8.14
464.78, 494.45, 27.37
175.24, 364.88, 15.98
86.75, 408.99, 54.33
206.50, 377.21, 28.00
373.03, 409.07, 30.27
476.70, 498.51, 30.93
75.08, 399.07, 58.03
477.23, 488.85, 49.44
417.43, 480.07, 10.96
316.23, 443.61, 3.24
262.05, 360.17, 28.90
339.96, 426.38, 4.56
89.75, 111.90, 24.96
126.16, 440.63, 41.18
49.33, 126.08, 4.41
188.02, 447.46, 40.58
53.70, 330.82, 3.11
84.00, 134.47, 16.22
277.76, 438.95, 58.43
477.28, 484.89, 13.19
499.79, 499.85, 59.96
342.07, 346.36, 36.11
88.47, 385.65, 16.38
284.34, 460.10, 14.49
134.04, 266.88, 46.48
144.90, 313.90, 16.62
316.49, 367.00, 45.26
494.89, 495.38, 21.22
159.92, 261.56, 55.55
131.21, 268.05, 52.64
400.75, 438.79, 1.50
43.40, 498.33, 18.87
362.73, 414.90, 18.11
367.24, 470.47, 19.23
45.26, 426.06, 9.95
376.95, 491.04, 7.33
155.87, 211.17, 38.18
408.46, 493.28, 43.31
115.41, 391.59, 37.00
64.03, 328.64, 43.72
198.55, 399.20, 24.90
436.52, 485.32, 36.44
4.21, 40.48, 31.03
221.23, 466.79, 27.89
443.98, 498.64, 29.63
268.15, 336.68, 49.56
452.56, 493.88, 13.26
178.75, 211.16, 46.45
227.77, 383.78, 26.41
283.17, 358.43, 0.14
57.80, 421.92, 12.21
57.41, 75.07, 20.74
255.58, 326.36, 3.62
68.13, 121.72, 52.40
455.58, 463.18, 4.80
178.40, 438.06, 14.45
99.70, 180.83, 5.32
322.82, 344.91, 21.24
408.40, 410.79, 57.23
478.03, 494.20, 6.57
63.74, 204.40, 30.00
326.21, 451.89, 40.58
286.14, 363.95, 48.85
349.24, 455.99, 5.16
24.80, 221.06, 25.28
8.96, 63.30, 26.55
172.46, 257.57, 12.05
81.71, 453.58, 27.72
112.61, 419.81, 6.33
429.17, 486.91, 56.35
81.48, 276.09, 51.34
322.55, 382.78, 43.66
335.08, 410.57, 56.34
198.28, 355.41, 33.29
19.30, 457.22, 34.68
229.18, 356.82, 4.54
9.19, 189.76, 57.08
154.19, 294.15, 38.64
374.51, 404.93, 0.38
236.76, 452.62, 57.74
107.30, 204.50, 47.77
328.26, 450.25, 41.01
372.22, 495.83, 32.39
111.50, 149.64, 49.15
377.61, 467.68, 40.23
2.95, 388.20, 3.74
76.01, 212.11, 7.36
212.09, 212.93, 30.47
348.48, 384.31, 8.55
407.54, 429.08, 21.06
172.06, 315.02, 6.51
131.00, 404.99, 36.84
75.95, 206.15, 21.42
347.99, 440.54, 23.54
19.78, 458.22, 55.38
137.56, 410.57, 10.31
243.84, 483.15, 35.15
318.58, 323.01, 3.53
203.57, 317.92, 44.68
94.61, 327.47, 54.88
475.57, 488.69, 35.60
391.72, 417.09, 1.20
69.87, 144.56, 55.31
270.68, 350.95, 38.65
467.51, 468.88, 47.03
432.95, 480.62, 21.73
483.95, 493.84, 20.64
219.67, 479.36, 48.81
302.84, 475.52, 36.16
438.00, 499.79, 24.40
290.66, 328.73, 29.30
149.56, 154.43, 54.91
55.47, 151.17, 9.43
38.94, 58.63, 34.10
214.01, 485.41, 21.45
452.44, 470.64, 46.31
43.46, 200.08, 31.59
476.01, 494.08, 35.97
179.14, 354.11, 1.78
317.45, 419.59, 19.12
341.12, 412.55, 43.85
82.02, 271.37, 3.70
291.96, 322.71, 2.30
98.74, 498.08, 58.53
409.30, 475.16, 49.59
76.75, 286.94, 22.18
459.97, 485.23, 18.02
359.97, 384.13, 11.97
453.32, 457.65, 5.87
217.32, 426.85, 15.15
389.46, 440.31, 48.76
267.56, 412.07, 18.87
367.64, 421.24, 48.74
102.15, 141.08, 58.37
442.76, 466.87, 50.08
254.55, 331.23, 12.44
376.98, 436.24, 30.58
175.04, 461.56, 9.07
90.37, 411.81, 46.54
126.67, 273.07, 59.37
232.98, 446.86, 17.60
226.36, 275.65, 32.19
442.12, 499.58, 30.37
32.72, 378.13, 12.82
76.04, 162.36, 5.46
438.11, 497.36, 34.07
91.85, 282.10, 18.75
471.18, 479.76, 44.50
321.39, 402.06, 21.41
269.86, 295.97, 4.29
259.97, 409.80, 12.66
254.62, 418.14, 51.34
179.08, 494.63, 10.78
232.41, 290.78, 56.16
468.14, 490.81, 50.69
104.25, 462.82, 42.49
167.18, 403.26, 16.19
345.93, 366.90, 6.55
230.60, 371.95, 40.59
296.08, 303.85, 42.19
227.33, 280.31, 47.46
329.62, 374.72, 45.73
496.60, 498.75, 42.09
30.59, 124.79, 54.16
302.38, 315.37, 30.38
319.62, 428.01, 57.74
327.94, 360.71, 23.68
448.32, 496.45, 3.16
485.23, 499.95, 12.50
162.27, 282.92, 42.00
46.46, 463.60, 6.89
462.23, 482.87, 19.29
98.36, 138.98, 53.99
79.21, 224.77, 36.74
335.57, 398.85, 40.86
329.98, 344.15, 20.69
313.44, 331.37, 41.84
251.64, 462.38, 14.95
30.05, 87.93, 20.52
136.83, 419.52, 40.36
170.23, 189.50, 55.26
120.24, 192.77, 13.28
79.12, 392.21, 51.47
111.80, 322.98, 12.44
104.45, 157.89, 20.77
447.92, 486.61, 4.81
416.32, 465.07, 54.61
448.68, 470.14, 43.96
343.64, 350.28, 4.75
441.98, 474.39, 16.07
221.21, 223.08, 33.78
53.68, 255.93, 7.36
280.62, 434.25, 1.82
482.94, 489.42, 59.00
307.09, 493.10, 59.33
391.95, 393.26, 19.59
183.97, 450.81, 27.04
256.39, 309.90, 18.57
118.84, 450.89, 11.02
354.30, 491.69, 43.32
354.64, 494.39, 30.14
335.40, 375.35, 26.56
75.78, 258.18, 53.10
316.58, 426.17, 55.98
88.27, 249.00, 19.83
9.61, 90.76, 22.17
243.37, 365.03, 24.88
313.20, 344.08, 42.12
52.67, 469.86, 36.38
408.66, 490.11, 50.13
68.51, 254.31, 39.87
496.69, 497.65, 54.91
439.51, 488.91, 0.58
216.01, 387.23, 56.88
162.82, 330.37, 56.54
305.44, 391.82, 22.12
499.92, 499.95, 37.13
20.89, 31.99, 15.40
367.79, 384.10, 53.91
11.29, 14.16, 22.57
323.28, 352.93, 40.69
104.54, 134.58, 39.53
86.93, 457.11, 15.14
68.73, 306.85, 48.29
468.50, 475.71, 42.73
207.92, 398.61, 58.05
118.66, 276.98, 32.04
437.89, 455.80, 38.36
307.20, 446.37, 27.10
77.87, 378.35, 29.51
474.56, 481.15, 33.88
302.96, 325.54, 39.80
188.21, 471.68, 32.75
338.36, 406.99, 28.20
417.43, 469.51, 53.42
358.07, 398.62, 21.24
282.71, 486.72, 31.45
483.78, 493.38, 41.95
203.47, 435.55, 53.45
82.32, 138.83, 35.08
219.44, 474.49, 58.82
41.34, 61.40, 12.41
262.79, 453.77, 46.80
176.06, 446.29, 13.54
369.32, 373.94, 26.70
199.10, 273.56, 18.41
302.94, 476.77, 13.10
80.02, 352.76, 14.45
388.78, 418.27, 55.03
446.85, 491.29, 53.05
69.54, 328.65, 45.29
249.50, 418.55, 22.29
381.39, 403.17, 31.30
26.37, 159.94, 15.09
248.57, 353.78, 49.13
105.23, 302.98, 0.12
286.97, 404.94, 15.84
238.38, 351.14, 25.34
244.68, 463.35, 28.65
332.83, 465.35, 18.06
357.51, 405.35, 20.83
402.62, 413.92, 8.57
319.73, 419.82, 40.92
452.85, 464.39, 13.84
329.58, 419.52, 1.45
18.19, 293.10, 31.74
326.17, 455.39, 13.00
333.12, 480.33, 31.27
152.23, 386.33, 27.09
420.99, 488.84, 38.94
19.47, 134.31, 4.43
65.48, 141.36, 11.93
380.02, 425.35, 30.72
485.03, 485.67, 53.92
184.04, 364.04, 28.16
378.48, 492.24, 46.04
90.38, 369.06, 4.81
164.65, 266.59, 30.58
56.98, 191.86, 13.24
8.15, 241.49, 37.87
434.96, 475.27, 41.53
424.38, 480.33, 2.26
284.11, 325.78, 42.33
198.81, 488.53, 51.50
183.86, 450.86, 5.75
353.33, 360.87, 10.31
392.50, 414.55, 7.04
255.36, 376.82, 52.41
372.60, 449.79, 38.66
11.17, 423.27, 42.71
14.10, 45.28, 14.44
319.36, 467.47, 10.64
410.95, 498.20, 0.34
302.26, 451.08, 3.13
344.68, 401.96, 27.66
290.67, 324.90, 41.09
263.01, 419.80, 9.24
425.08, 434.79, 1.33
72.37, 455.34, 13.86
66.35, 148.44, 46.60
58.05, 135.82, 6.84
193.69, 341.33, 25.37
260.58, 303.18, 42.58
18.89, 257.51, 39.37
241.28, 460.52, 25.57
278.16, 368.62, 6.21
419.06, 496.25, 47.68
385.52, 460.80, 6.53
124.09, 264.44, 47.98
160.83, 239.95, 55.47
248.08, 393.00, 15.94
490.63, 493.11, 15.20
443.08, 462.75, 55.56
355.19, 365.95, 26.89
289.73, 495.23, 15.48
472.90, 498.24, 22.93
287.22, 406.71, 55.07
184.41, 354.87, 42.11
470.76, 479.36, 47.08
439.39, 485.88, 29.04
2.62, 237.20, 20.61
166.31, 432.88, 51.38
271.57, 436.21, 31.60
218.13, 273.33, 32.43
434.17, 473.92, 19.66
301.58, 345.76, 9.95
5.34, 358.40, 36.52
131.24, 401.06, 11.54
113.35, 233.77, 40.97
312.31, 374.64, 0.56
442.09, 449.11, 34.88
460.46, 481.85, 52.16
251.99, 422.23, 32.70
127.45, 223.58, 22.85
261.65, 342.77, 19.52
26.89, 189.28, 58.53
150.79, 493.93, 28.68
162.34, 310.76, 40.17
70.25, 109.97, 5.98
56.96, 318.29, 13.55
382.41, 428.57, 31.16
189.02, 430.73, 4.52
464.96, 496.92, 27.04
256.29, 352.88, 43.62
358.27, 432.15, 7.93
344.19, 493.79, 30.20
380.18, 493.05, 12.07
263.50, 309.39, 53.70
138.60, 283.78, 32.17
71.75, 151.19, 16.77
200.99, 239.65, 14.30
405.74, 459.68, 48.32
94.90, 254.52, 22.95
46.94, 495.29, 31.95
377.27, 428.17, 19.16
427.98, 447.98, 4.15
284.48, 459.95, 14.66
378.51, 428.17, 35.18
23.27, 28.39, 36.78
117.51, 439.44, 49.58
146.11, 370.60, 53.40
136.30, 205.15, 12.36
236.93, 331.81, 11.84
496.29, 499.27, 57.25
376.51, 388.82, 48.50
0.93, 133.09, 2.36
123.13, 452.34, 13.75
1.98, 495.81, 4.85
96.70, 340.49, 57.29
82.25, 174.09, 6.07
255.68, 262.48, 0.53
330.67, 475.60, 29.99
167.96, 391.13, 11.17
203.67, 487.87, 38.56
62.00, 473.08, 39.25
362.19, 400.49, 34.71
266.40, 355.67, 21.32
199.32, 289.36, 14.81
364.96, 497.33, 36.30
340.53, 479.13, 45.29
75.78, 113.31, 31.85
20.60, 359.03, 29.96
66.48, 309.78, 40.64
230.96, 285.52, 42.91
207.89, 433.47, 18.83
199.33, 466.23, 4.36
207.08, 394.86, 53.05
425.78, 496.59, 50.87
209.81, 463.20, 43.10
464.03, 481.11, 34.33
385.68, 395.60, 44.60
220.56, 337.11, 33.96
267.43, 486.86, 35.14
56.60, 275.68, 59.04
274.15, 378.09, 17.37
232.78, 331.42, 35.56
464.69, 498.85, 59.99
45.98, 437.07, 4.25
211.10, 306.68, 30.65
184.74, 420.35, 48.21
207.80, 409.51, 40.46
185.71, 377.95, 33.59
109.01, 385.76, 25.72
222.62, 253.06, 43.12
173.97, 435.69, 46.71
112.37, 144.61, 27.79
159.18, 392.59, 32.18
193.41, 300.22, 14.41
393.87, 427.77, 10.29
431.71, 484.68, 22.72
69.09, 453.35, 49.26
52.00, 330.78, 43.57
327.14, 327.39, 30.78
489.35, 490.43, 6.73
316.13, 471.76, 4.92
319.70, 496.53, 59.84
40.70, 114.93, 13.28
372.86, 467.81, 27.98
152.49, 430.77, 46.08
266.64, 416.99, 22.06
348.73, 454.56, 44.63
442.34, 492.27, 32.29
345.32, 372.37, 3.00
239.55, 347.06, 17.81
24.06, 361.20, 6.68
435.90, 488.48, 22.26
386.64, 406.20, 20.99
307.03, 339.70, 45.13
440.24, 469.95, 14.75
447.52, 483.64, 18.26
157.29, 387.63, 2.48
143.91, 481.56, 52.81
253.49, 345.61, 59.17
323.69, 369.41, 51.74
279.52, 497.06, 32.75
326.93, 419.82, 4.58
484.33, 484.82, 18.35
275.84, 440.67, 31.78
142.16, 352.27, 32.29
463.27, 466.14, 3.04
107.75, 453.25, 41.25
255.59, 464.14, 15.29
333.32, 397.03, 28.89
324.08, 437.83, 58.79
11.70, 97.87, 7.49
389.45, 461.57, 1.50
464.46, 487.48, 12.82
404.75, 429.45, 20.51
433.04, 451.38, 43.21
20.05, 308.91, 21.51
120.58, 196.96, 47.91
83.70, 208.38, 31.55
230.38, 464.52, 20.74
150.69, 258.40, 3.31
420.67, 493.23, 21.91
301.83, 463.30, 48.63
103.38, 323.39, 20.40
339.96, 423.71, 3.11
422.91, 434.99, 9.09
434.26, 477.74, 48.39
117.48, 328.99, 42.27
343.61, 447.89, 43.49
359.05, 396.15, 28.35
276.33, 491.74, 57.26
143.80, 480.18, 46.24
50.25, 314.84, 28.92
432.13, 474.53, 49.76
315.84, 472.99, 10.39
73.49, 184.64, 48.53
7.93, 392.93, 59.49
162.14, 327.07, 52.92
213.08, 491.19, 15.28
415.75, 480.63, 32.53
88.31, 408.70, 53.28
13.93, 44.91, 30.03
161.03, 386.94, 5.54
139.12, 249.45, 2.41
85.56, 467.57, 18.07
291.62, 298.74, 36.91
47.01, 238.62, 20.73
365.26, 496.90, 57.37
296.55, 351.27, 3.04
34.09, 60.31, 5.09
88.29, 253.76, 37.55
274.59, 412.26, 34.82
379.51, 477.07, 51.03
395.76, 432.40, 18.08
362.83, 450.69, 48.31
333.40, 377.46, 40.54
37.71, 379.58, 22.02
247.11, 494.37, 44.95
407.77, 484.82, 32.14
201.39, 397.04, 33.89
325.43, 325.46, 28.43
479.32, 497.45, 14.26
306.97, 344.04, 34.53
429.41, 489.30, 26.40
122.62, 426.58, 32.91
247.38, 320.40, 1.72
439.71, 458.24, 0.96
306.59, 316.30, 21.58
75.61, 233.74, 9.23
136.01, 367.67, 34.31
312.40, 416.40, 0.21